ticker,name,sector,most_recent_quarter,price_from,roc,earnings_yield,book_market_ratio,roc_rank,earnings_yield_rank,magic_rank
WIRE,Encore Wire Corporation,Industrials,2022-12-31,2023-02-18,1.4839466689155547,0.3122014826217596,0.5022694253794899,38,5,43
SKY,Skyline Champion Corporation,Consumer Cyclical,2022-12-31,2023-02-18,2.907059879394147,0.17049598450334646,0.2881062194269742,14,31,45
IRWD,"Ironwood Pharmaceuticals, Inc.",Healthcare,2022-12-31,2023-02-18,2.1265354858759835,0.16421423653283732,0.3573839662447258,23,36,59
NVR,"NVR, Inc.",Consumer Cyclical,2022-12-31,2023-02-18,1.417328899694801,0.1523357540780952,0.213694602345169,43,42,85
ATKR,Atkore Inc.,Industrials,2022-12-31,2023-02-18,1.1176507933544022,0.19013823091112536,0.21836678956711728,63,27,90
MLI,"Mueller Industries, Inc.",Industrials,2022-12-31,2023-02-18,0.9571747635557031,0.24510956326839078,0.43185294512276934,90,14,104
TNET,"TriNet Group, Inc.",Industrials,2022-12-31,2023-02-18,7.442857142857143,0.09204048317091527,0.14056013179571664,2,113,115
ARCH,"Arch Resources, Inc.",Energy,2022-12-31,2023-02-18,0.8031412717614264,0.40393639154639155,0.4110748162573026,112,3,115
HCC,"Warrior Met Coal, Inc.",Basic Materials,2022-12-31,2023-02-18,0.7760478497323352,0.4900903593571602,0.672683629380701,117,1,118
CF,"CF Industries Holdings, Inc.",Basic Materials,2022-12-31,2023-02-18,0.7618714105617033,0.32059815616961257,0.3119854280510018,122,4,126
RHI,Robert Half International Inc.,Industrials,2022-12-31,2023-02-18,1.2067119442808136,0.1165031410787456,0.1796408638679932,57,73,130
CARR,Carrier Global Corporation,Industrials,2022-12-31,2023-02-18,1.3713432835820896,0.10577214523619476,0.2056169836355595,47,89,136
CVCO,"Cavco Industries, Inc.",Consumer Cyclical,2022-12-31,2023-02-18,0.8513360237038626,0.15143740687348095,0.38280377769195667,101,43,144
QCOM,QUALCOMM Incorporated,Technology,2022-12-31,2023-02-18,1.4856991525423728,0.09374949172735458,0.13161603507673034,37,109,146
USNA,"USANA Health Sciences, Inc.",Consumer Defensive,2022-12-31,2023-02-18,1.1006515091078315,0.1126117877147984,0.3621547848426461,68,78,146
MBUU,"Malibu Boats, Inc.",Consumer Cyclical,2022-12-31,2023-02-18,0.7630142283216348,0.17977552893579193,0.4447157083199486,121,29,150
NUE,Nucor Corporation,Basic Materials,2022-12-31,2023-02-18,0.6852587963793015,0.23522187507838105,0.43306360445052655,142,15,157
MGY,Magnolia Oil & Gas Corporation,Energy,2022-12-31,2023-02-18,0.7047022593832211,0.19147235731686071,0.3469147432878003,135,26,161
PCAR,PACCAR Inc,Industrials,2022-12-31,2023-02-18,1.0606043132280014,0.1010830312402489,0.3332540626238605,74,93,167
STLD,"Steel Dynamics, Inc.",Basic Materials,2022-12-31,2023-02-18,0.5822955780972152,0.22524762442926521,0.37238537248939746,161,16,177
MOH,"Molina Healthcare, Inc.",Healthcare,2022-12-31,2023-02-18,4.528957528957529,0.07194353482192892,0.17260445164994764,6,174,180
CSCO,"Cisco Systems, Inc.",Technology,2023-01-31,2023-02-18,4.510578718108277,0.07073700441556142,0.1990939531219224,7,179,186
ALSN,"Allison Transmission Holdings, Inc.",Consumer Cyclical,2022-12-31,2023-02-18,0.8266522210184182,0.11163685172050046,0.19158953722334005,107,81,188
ONTO,Onto Innovation Inc.,Technology,2022-12-31,2023-02-18,2.5735377255925203,0.06936515996625528,0.40658914728682166,18,184,202
SYNA,Synaptics Incorporated,Technology,2022-12-31,2023-02-18,1.268676716917923,0.07622535279887065,0.26772369714847594,51,153,204
KLAC,KLA Corporation,Technology,2022-12-31,2023-02-18,1.4566465949303842,0.07435609289009135,0.04846875644462775,39,166,205
EAF,GrafTech International Ltd.,Industrials,2022-12-31,2023-02-18,0.5167613473942443,0.2209589074773454,0.23087719298245615,189,18,207
MAN,ManpowerGroup Inc.,Industrials,2022-12-31,2023-02-18,0.6878487643776335,0.11968368632094727,0.5462018140589568,140,68,208
PBH,Prestige Consumer Healthcare Inc.,Healthcare,2022-12-31,2023-02-18,1.2659724230295097,0.07551846598838652,0.5523019359036929,52,157,209
CTSH,Cognizant Technology Solutions Corporation,Technology,2022-12-31,2023-02-18,0.8484763768521107,0.09425571592251704,0.3693188759926695,102,107,209
LSTR,"Landstar System, Inc.",Industrials,2022-12-31,2023-02-18,0.9333907560346956,0.09108869048211407,0.13451168364289995,91,119,210
SLVM,Sylvamo Corporation,Basic Materials,2022-12-31,2023-02-18,0.5173745173745173,0.20391144268477865,0.3398462524023062,188,23,211
OMC,Omnicom Group Inc.,Communication Services,2022-12-31,2023-02-18,1.0306916426512969,0.08280640588225836,0.17119078104993599,77,139,216
LRCX,Lam Research Corporation,Technology,2022-12-31,2023-02-18,0.928856537636314,0.08895633001538385,0.12374006375337933,93,123,216
BTU,Peabody Energy Corporation,Energy,2022-12-31,2023-02-18,0.46496919648708873,0.4590551508890631,0.7062632696390657,214,2,216
WH,"Wyndham Hotels & Resorts, Inc.",Consumer Cyclical,2022-12-31,2023-02-18,5.616161616161616,0.06356461678588206,0.14396172743728988,4,215,219
VRTX,Vertex Pharmaceuticals Incorporated,Healthcare,2022-12-31,2023-02-18,2.7745275692466995,0.06514021597408172,0.18433903153306544,15,204,219
OLN,Olin Corporation,Basic Materials,2022-12-31,2023-02-18,0.5181062460855207,0.16893355076318065,0.3138938775510204,187,34,221
CHRW,"C.H. Robinson Worldwide, Inc.",Industrials,2022-12-31,2023-02-18,0.7417390479514057,0.0980107567427192,0.11221706039339725,127,98,225
VSTO,Vista Outdoor Inc.,Consumer Cyclical,2022-12-31,2023-02-18,0.4730410660224536,0.20678169994432394,0.8958615768819123,209,21,230
RS,Reliance Steel & Aluminum Co.,Basic Materials,2022-12-31,2023-02-18,0.4897634391700723,0.1697946648942793,0.46794271883824123,202,33,235
COP,ConocoPhillips,Energy,2022-12-31,2023-02-18,0.44855475391755895,0.2125772053114322,0.3767095658855167,223,19,242
POST,"Post Holdings, Inc.",Consumer Defensive,2022-12-31,2023-02-18,0.52859375,0.1264565824635134,0.6326049141117633,181,62,243
BIIB,Biogen Inc.,Healthcare,2022-12-31,2023-02-18,0.7204068992699086,0.09151421344747374,0.33398951074071415,131,115,246
MXL,"MaxLinear, Inc.",Technology,2022-12-31,2023-02-18,1.3710593390868846,0.0649516587307621,0.23380511703864995,48,206,254
GILD,"Gilead Sciences, Inc.",Healthcare,2022-12-31,2023-02-18,1.2326940639269406,0.0663581086964807,0.20066068900424727,55,199,254
KFRC,Kforce Inc.,Industrials,2022-12-31,2023-02-18,0.7330222230585401,0.08767357898222061,0.14404761904761904,128,128,256
PATK,"Patrick Industries, Inc.",Consumer Cyclical,2022-12-31,2023-02-18,0.45696344992346644,0.16244044495307433,0.5923180774942622,219,37,256
DVN,Devon Energy Corporation,Energy,2022-12-31,2023-02-18,0.43835100371347074,0.20092347870563862,0.32066379148696794,232,25,257
FOX,Fox Corporation,Communication Services,2022-12-31,2023-02-18,0.5239001692047377,0.10687305602355149,0.632729398012858,182,87,269
FOXA,Fox Corporation,Communication Services,2022-12-31,2023-02-18,0.5239001692047377,0.10687304657989102,0.584715095868215,182,88,270
ELV,"Elevance Health, Inc.",Healthcare,2022-12-31,2023-02-18,1.4175300115112646,0.061615346892179707,0.3040703781512605,42,229,271
HCSG,"Healthcare Services Group, Inc.",Healthcare,2022-12-31,2023-02-18,2.328443960826986,0.05689840974007518,0.40006978367062107,21,252,273
ATEN,"A10 Networks, Inc.",Technology,2022-12-31,2023-02-18,2.754545915007851,0.05541724494907727,0.16161948650427915,16,259,275
TXN,Texas Instruments Incorporated,Technology,2022-12-31,2023-02-18,1.0964151952915997,0.06468922730111377,0.09176933607118412,69,209,278
REZI,"Resideo Technologies, Inc.",Industrials,2022-12-31,2023-02-18,0.4722222222222222,0.11967135053226116,0.8722054380664652,210,69,279
NEX,NexTier Oilfield Solutions Inc.,Energy,2022-12-31,2023-02-18,0.4449968535278859,0.13684911959339008,0.3428721174004193,225,55,280
HOLX,"Hologic, Inc.",Healthcare,2022-12-31,2023-02-18,1.1410930110352075,0.06269967399103113,0.24966759337604255,60,223,283
HUBG,"Hub Group, Inc.",Industrials,2022-12-31,2023-02-18,0.4323329161132579,0.14611095343219818,0.4974687467713606,236,48,284
CRK,"Comstock Resources, Inc.",Energy,2022-12-31,2023-02-18,0.33104107048681947,0.3063223488663618,0.7631840796019901,279,6,285
SNA,Snap-on Incorporated,Industrials,2022-12-31,2023-02-18,0.5552248089568154,0.09009427224723378,0.33513952750911685,169,121,290
BC,Brunswick Corporation,Consumer Cyclical,2022-12-31,2023-02-18,0.45759207616116937,0.1149263726759581,0.321153630344518,217,75,292
VSH,"Vishay Intertechnology, Inc.",Technology,2022-12-31,2023-02-18,0.3458064384599615,0.22420540850384488,0.6754090696587189,275,17,292
OC,Owens Corning,Industrials,2022-12-31,2023-02-18,0.39718764407561086,0.15500518957734555,0.4981687181026718,254,40,294
XOM,Exxon Mobil Corporation,Energy,2022-12-31,2023-02-18,0.38256723454409086,0.16848558520324233,0.4293943206326384,260,35,295
WMS,"Advanced Drainage Systems, Inc.",Industrials,2022-12-31,2023-02-18,0.6389594484897229,0.08099997839905623,0.14123268549339635,155,142,297
PHM,"PulteGroup, Inc.",Consumer Cyclical,2022-12-31,2023-02-18,0.3202963025866418,0.24713047121496173,0.7269060773480662,285,12,297
CRUS,"Cirrus Logic, Inc.",Technology,2022-12-31,2023-02-18,0.655960458868553,0.07816259746097268,0.3002607939727615,153,147,300
CEIX,CONSOL Energy Inc.,Energy,2022-12-31,2023-02-18,0.3084335949313907,0.29651011881617156,0.6221398108659373,292,8,300
MTH,Meritage Homes Corporation,Consumer Cyclical,2022-12-31,2023-02-18,0.3083490294851694,0.30150107280925625,0.9905255434284141,293,7,300
EMR,Emerson Electric Co.,Industrials,2022-12-31,2023-02-18,0.8266233766233766,0.06765828363031214,0.21972144194756554,108,193,301
MMM,3M Company,Industrials,2022-12-31,2023-02-18,0.5085324232081911,0.09393674655366728,0.23722453314452607,193,108,301
SMCI,"Super Micro Computer, Inc.",Technology,2022-12-31,2023-02-18,0.39516964122555887,0.14642167861883296,0.3702652750597956,255,47,302
RES,"RPC, Inc.",Energy,2022-12-31,2023-02-18,0.3764544441691883,0.156951583924761,0.4385382059800665,263,39,302
ARCB,ArcBest Corporation,Industrials,2022-12-31,2023-02-18,0.3748027137610424,0.1541376868056202,0.46507144255235855,264,41,305
SSNC,"SS&C Technologies Holdings, Inc.",Technology,2022-12-31,2023-02-18,1.7933959406240534,0.052435119472236384,0.3894071914480078,32,277,309
PII,Polaris Inc.,Consumer Cyclical,2022-12-31,2023-02-18,0.4573451910408432,0.10183165695340397,0.15937971500419112,218,92,310
CR,"Crane Holdings, Co.",Industrials,2022-12-31,2023-02-18,0.5188554416142904,0.08858798756603067,0.2822410499210898,186,125,311
AMGN,Amgen Inc.,Healthcare,2022-12-31,2023-02-18,1.2470789398689086,0.05494303778047002,0.0285037209495697,54,261,315
EA,Electronic Arts Inc.,Communication Services,2022-12-31,2023-02-18,2.490415335463259,0.04892740011495181,0.24504464285714286,19,297,316
BDC,Belden Inc.,Technology,2022-12-31,2023-02-18,0.5437160692443497,0.08247832567209688,0.2972936852656197,176,140,316
DHI,"D.R. Horton, Inc.",Consumer Cyclical,2022-12-31,2023-02-18,0.30765123807121536,0.20581592176477698,0.6220385674931129,295,22,317
MCHP,Microchip Technology Incorporated,Technology,2022-12-31,2023-02-18,1.3415501417519582,0.05377853090388966,0.13836916056202714,50,273,323
CHH,"Choice Hotels International, Inc.",Consumer Cyclical,2022-12-31,2023-02-18,0.9626171968105243,0.060779476978337243,0.023809523809523808,89,234,323
DECK,Deckers Outdoor Corporation,Consumer Cyclical,2022-12-31,2023-02-18,0.7672870399521361,0.06504828641305421,0.16557550939858898,120,205,325
FWRD,Forward Air Corporation,Industrials,2022-12-31,2023-02-18,0.49567826459680575,0.08775355381371278,0.24844026445665332,198,127,325
ARW,"Arrow Electronics, Inc.",Technology,2022-12-31,2023-02-18,0.29737793384060135,0.20309385912819672,0.7593364698247891,302,24,326
SSD,"Simpson Manufacturing Co., Inc.",Basic Materials,2022-12-31,2023-02-18,0.4693383351152696,0.09052112767200336,0.30033300333003327,211,120,331
HI,"Hillenbrand, Inc.",Industrials,2022-12-31,2023-02-18,0.5494473948614899,0.07532323727631375,0.3524369747899159,175,159,334
AAPL,Apple Inc.,Technology,2022-12-31,2023-02-18,2.1443399345996985,0.046286991220134445,0.0234742707309079,22,315,337
SEE,Sealed Air Corporation,Consumer Cyclical,2022-12-31,2023-02-18,0.4924062517258519,0.08472860425302896,0.04731396736967768,200,137,337
NOC,Northrop Grumman Corporation,Industrials,2022-12-31,2023-02-18,0.5428400239664469,0.07482362091882533,0.21242802201304634,177,161,338
QDEL,QuidelOrtho Corporation,Healthcare,2022-12-31,2023-02-18,0.4160771044806726,0.09768792620678897,0.8143998249261407,243,99,342
LCII,LCI Industries,Consumer Cyclical,2022-12-31,2023-02-18,0.3234645569812751,0.13032616910016745,0.4664813072119086,282,60,342
AGCO,AGCO Corporation,Industrials,2022-12-31,2023-02-18,0.3982366952255679,0.10195680198100134,0.3762779263972236,252,91,343
ZBRA,Zebra Technologies Corporation,Technology,2022-12-31,2023-02-18,1.3664233576642335,0.04912936962282199,0.15896211792423584,49,296,345
FLT,"FLEETCOR Technologies, Inc.",Technology,2022-12-31,2023-02-18,0.5521123542787575,0.07057544908848326,0.16193463807472608,172,180,352
MUSA,Murphy USA Inc.,Consumer Cyclical,2022-12-31,2023-02-18,0.32913326993615,0.11661881076402016,0.10750310196336034,280,72,352
ADP,"Automatic Data Processing, Inc.",Industrials,2022-12-31,2023-02-18,3.9931779420125073,0.04267637458077425,0.03151358796650561,11,342,353
CACI,CACI International Inc,Technology,2022-12-31,2023-02-18,0.8397134634552044,0.05741221948816238,0.4547894736842105,105,248,353
MAR,"Marriott International, Inc.",Consumer Cyclical,2022-12-31,2023-02-18,1.0801597051597052,0.052028908461830704,0.010601669371667052,73,281,354
ON,ON Semiconductor Corporation,Technology,2022-12-31,2023-02-18,0.5574815655133295,0.069193425743623,0.17501832396774983,168,186,354
TMHC,Taylor Morrison Home Corporation,Consumer Cyclical,2022-12-31,2023-02-18,0.25369242494586086,0.2455897305009382,1.1974330357142855,344,13,357
TTEK,"Tetra Tech, Inc.",Industrials,2022-12-31,2023-02-18,0.8958926794905859,0.05531184767709112,0.17315001740341107,98,260,358
ACLS,"Axcelis Technologies, Inc.",Technology,2022-12-31,2023-02-18,0.7843422974866581,0.05816653586784942,0.1669728532764701,116,242,358
OI,"O-I Glass, Inc.",Consumer Cyclical,2022-12-31,2023-02-18,0.2955832389580974,0.1387847229486412,0.4161744661517492,305,54,359
AMED,"Amedisys, Inc.",Healthcare,2022-12-31,2023-02-18,1.0867962286851023,0.05047676364404692,0.3328324413338823,71,289,360
NSP,"Insperity, Inc.",Industrials,2022-12-31,2023-02-18,1.0121158254198437,0.05171664687886897,0.017087347718767416,81,282,363
WNC,Wabash National Corporation,Industrials,2022-12-31,2023-02-18,0.3645239748309033,0.09926097658389806,0.2957446808510638,268,95,363
TTGT,"TechTarget, Inc.",Communication Services,2022-12-31,2023-02-18,1.1142341554109476,0.04830035714577393,0.18840834800100578,64,300,364
MTSI,"MACOM Technology Solutions Holdings, Inc.",Technology,2022-12-31,2023-02-18,0.927759623928684,0.053890728083312675,0.17939661515820454,95,272,367
DXC,DXC Technology Company,Technology,2022-12-31,2023-02-18,0.2999284180386543,0.12244141280675226,0.7053894297635604,301,66,367
TEX,Terex Corporation,Industrials,2022-12-31,2023-02-18,0.368920837770678,0.09639923152953621,0.31060952046372736,267,101,368
LAD,"Lithia Motors, Inc.",Consumer Cyclical,2022-12-31,2023-02-18,0.27516963405439887,0.15021235834282076,0.7082152659298272,324,44,368
DIOD,Diodes Incorporated,Technology,2022-12-31,2023-02-18,0.34626924990984803,0.09859423132366738,0.35413829787234047,273,96,369
CDW,CDW Corporation,Technology,2022-12-31,2023-02-18,1.0162146226415094,0.049682051657801374,0.0553078109662039,79,293,372
TPR,"Tapestry, Inc.",Consumer Cyclical,2022-12-31,2023-02-18,0.42145488751273813,0.08559253147254814,0.2222171843119474,240,134,374
EEFT,"Euronet Worldwide, Inc.",Technology,2022-12-31,2023-02-18,0.6673461823573017,0.062036406636327805,0.21402250862225447,151,225,376
DGX,Quest Diagnostics Incorporated,Healthcare,2022-12-31,2023-02-18,0.540977147360126,0.06663618580310433,0.3581837808662799,179,198,377
THC,Tenet Healthcare Corporation,Healthcare,2022-12-31,2023-02-18,0.307968017645437,0.10786836783788184,0.1780638852672751,294,83,377
DOV,Dover Corporation,Industrials,2022-12-31,2023-02-18,0.7163289265635308,0.057461209929183917,0.1974961380020597,132,247,379
REGN,"Regeneron Pharmaceuticals, Inc.",Healthcare,2022-12-31,2023-02-18,0.5612141267758316,0.06402584919205043,0.2828925928893875,166,213,379
PPC,Pilgrim's Pride Corporation,Consumer Defensive,2022-12-31,2023-02-18,0.2757438902627577,0.1326462339068254,0.48264363198071514,322,57,379
CCS,"Century Communities, Inc.",Consumer Cyclical,2022-12-31,2023-02-18,0.23003717967084913,0.24820655574181108,1.1282927642547516,368,11,379
J,Jacobs Solutions Inc.,Industrials,2022-12-31,2023-02-18,0.741869801084991,0.05611904576746579,0.40053326770038555,126,255,381
GEN,Gen Digital Inc.,Technology,2022-12-31,2023-02-18,2.4271844660194173,0.04029288816598648,0.09743346007604563,20,364,384
MHO,"M/I Homes, Inc.",Consumer Cyclical,2022-12-31,2023-02-18,0.21679217087708297,0.2829621609530863,1.3229973707274323,376,9,385
ITW,Illinois Tool Works Inc.,Industrials,2022-12-31,2023-02-18,0.8414811732889536,0.05125700785304499,0.042127818923192145,104,284,388
DHR,Danaher Corporation,Healthcare,2022-12-31,2023-02-18,1.4063843863711545,0.042568846539537596,0.2593741464746966,44,345,389
CNC,Centene Corporation,Healthcare,2022-12-31,2023-02-18,1.0449482895783613,0.046350115727717044,0.5954198473282443,75,314,389
GOOG,Alphabet Inc.,Communication Services,2022-12-31,2023-02-18,0.5534410079829533,0.06280031233936319,0.21075166508087534,170,220,390
TSN,"Tyson Foods, Inc.",Consumer Defensive,2022-12-31,2023-02-18,0.27526377491207504,0.12132374769481573,0.899674107870295,323,67,390
GOOGL,Alphabet Inc.,Communication Services,2022-12-31,2023-02-18,0.5534410079829533,0.06279995899441981,0.21128775834658187,170,221,391
POOL,Pool Corporation,Industrials,2022-12-31,2023-02-18,0.551043255302496,0.06324037157832108,0.08444420840193319,173,218,391
MDC,"M.D.C. Holdings, Inc.",Consumer Cyclical,2022-12-31,2023-02-18,0.2133181385363111,0.26190321557951324,1.1361696452387302,381,10,391
TER,"Teradyne, Inc.",Technology,2022-12-31,2023-02-18,0.7205779396177676,0.0545600446740106,0.14952019002375297,130,264,394
EXP,Eagle Materials Inc.,Basic Materials,2022-12-31,2023-02-18,0.3088480142459018,0.09461248220673085,0.22362144496210276,291,105,396
DNOW,NOW Inc.,Energy,2022-12-31,2023-02-18,0.28313253012048195,0.11291563138782146,0.5868461538461538,319,77,396
HUM,Humana Inc.,Healthcare,2022-12-31,2023-02-18,0.7073605417929067,0.05452765866002607,0.24015564354882976,134,265,399
GNTX,Gentex Corporation,Consumer Cyclical,2022-12-31,2023-02-18,0.6726980049976489,0.05707318127656482,0.30959860383944154,149,250,399
CL,Colgate-Palmolive Company,Consumer Defensive,2022-12-31,2023-02-18,0.7745392198885555,0.051458650987462475,0.006481481481481481,118,283,401
IMKTA,"Ingles Markets, Incorporated",Consumer Defensive,2022-12-31,2023-02-18,0.22204117574064,0.18208391930911377,0.7346113334737729,373,28,401
LMT,Lockheed Martin Corporation,Industrials,2022-12-31,2023-02-18,0.6934105582985188,0.054374649701277686,0.07669827386834303,137,266,403
ATVI,"Activision Blizzard, Inc.",Communication Services,2022-12-31,2023-02-18,9.595854922279793,0.034678257440350906,0.31682351424519795,1,404,405
NFLX,"Netflix, Inc.",Communication Services,2022-12-31,2023-02-18,4.269702207820164,0.03554067611892464,0.1340786297275549,9,396,405
PAG,"Penske Automotive Group, Inc.",Consumer Cyclical,2022-12-31,2023-02-18,0.24824338372515375,0.1324865179419879,0.3812374733303162,348,58,406
SWKS,"Skyworks Solutions, Inc.",Technology,2022-12-31,2023-02-18,0.41259779567129234,0.07481250100626696,0.30114386843354773,245,162,407
BR,"Broadridge Financial Solutions, Inc.",Technology,2022-12-31,2023-02-18,1.968527918781726,0.03695090315698592,0.10551230362852773,25,385,410
WTS,"Watts Water Technologies, Inc.",Industrials,2022-12-31,2023-02-18,0.687049574142826,0.054197970697874374,0.21793599464763602,141,269,410
LBRT,Liberty Energy Inc.,Energy,2022-12-31,2023-02-18,0.23397433410877028,0.14470718897325188,0.5553784860557769,361,49,410
DOX,Amdocs Limited,Technology,2022-12-31,2023-02-18,0.6336840678658553,0.05625619262330437,0.3101644875579924,157,254,411
JKHY,"Jack Henry & Associates, Inc.",Technology,2022-12-31,2023-02-18,1.9425637982691835,0.03693963864280056,0.12250295857988165,27,386,413
AMKR,"Amkor Technology, Inc.",Technology,2022-12-31,2023-02-18,0.23358200406034332,0.14265563280065674,0.5649566201433421,362,51,413
FISV,"Fiserv, Inc.",Technology,2022-12-31,2023-02-18,1.396934865900383,0.03907356105426092,0.41842766750455057,45,370,415
APH,Amphenol Corporation,Technology,2022-12-31,2023-02-18,0.7259354550030762,0.05057905152202243,0.14556337159076885,129,287,416
MAT,"Mattel, Inc.",Consumer Cyclical,2022-12-31,2023-02-18,0.406339690031252,0.07391762908819738,0.30271682340647854,248,168,416
BMY,Bristol-Myers Squibb Company,Healthcare,2022-12-31,2023-02-18,0.7532631578947369,0.049645282358515896,0.20819856560258754,124,294,418
AVY,Avery Dennison Corporation,Industrials,2022-12-31,2023-02-18,0.5065457265756499,0.06263100308510355,0.13646027397260274,194,224,418
DOW,Dow Inc.,Basic Materials,2022-12-31,2023-02-18,0.2416607015032212,0.12791833604187375,0.5056253225528986,357,61,418
LFUS,"Littelfuse, Inc.",Technology,2022-12-31,2023-02-18,0.4468313027580592,0.06677586408770704,0.3313670933036542,224,196,420
WSO,"Watsco, Inc.",Industrials,2022-12-31,2023-02-18,0.45331263318046255,0.0660959808837151,0.16703401864542816,221,200,421
KO,The Coca-Cola Company,Consumer Defensive,2022-12-31,2023-02-18,0.9964322524379609,0.042790602302449535,0.09264803725881571,83,340,423
KAI,Kadant Inc.,Industrials,2022-12-31,2023-02-18,0.46559830331492014,0.0644497214674417,0.25717227179135205,213,210,423
IEX,IDEX Corporation,Industrials,2022-12-31,2023-02-18,0.9783308568598316,0.04279885426432508,0.17426839826839827,85,339,424
NSIT,"Insight Enterprises, Inc.",Technology,2022-12-31,2023-02-18,0.2912719053811382,0.09116189945820818,0.36903156604351817,307,118,425
AR,Antero Resources Corporation,Energy,2022-12-31,2023-02-18,0.19062167539323058,0.20783916871152103,0.9003170828378914,405,20,425
TRMB,Trimble Inc.,Technology,2022-12-31,2023-02-18,1.0,0.04264077121821507,0.29717391304347823,82,344,426
MSFT,Microsoft Corporation,Technology,2022-12-31,2023-02-18,0.8426018171674504,0.04449175247743319,0.09529566767418429,103,324,427
ADI,"Analog Devices, Inc.",Technology,2023-01-31,2023-02-18,1.1327598760027873,0.03964179032808561,0.3747496237870375,61,367,428
CBT,Cabot Corporation,Basic Materials,2022-12-31,2023-02-18,0.25700311249444197,0.10698105947502504,0.22415863880895784,343,85,428
CAT,Caterpillar Inc.,Industrials,2022-12-31,2023-02-18,0.4068044064947131,0.07049252210100136,0.12402841115460674,247,182,429
SCCO,Southern Copper Corporation,Basic Materials,2022-12-31,2023-02-18,0.37980531265467743,0.07427306936285778,0.1412344678552134,262,167,429
SLB,Schlumberger Limited,Energy,2022-12-31,2023-02-18,0.536874154262517,0.0570501230362725,0.23346456692913384,180,251,431
CC,The Chemours Company,Basic Materials,2022-12-31,2023-02-18,0.24392876416621695,0.11458082860993977,0.21248574686431015,355,76,431
FFIV,"F5, Inc.",Technology,2022-12-31,2023-02-18,0.8954946340611274,0.04369012739114532,0.2924496187363834,99,333,432
ALB,Albemarle Corporation,Basic Materials,2022-12-31,2023-02-18,0.31796001969140025,0.07975504929584386,0.26405953257625675,287,145,432
AIT,"Applied Industrial Technologies, Inc.",Industrials,2022-12-31,2023-02-18,0.39900121999268956,0.06958389986228725,0.23219448094612352,250,183,433
POWI,"Power Integrations, Inc.",Technology,2022-12-31,2023-02-18,1.0211171546459439,0.04141016725401567,0.16039196709412049,78,356,434
GWW,"W.W. Grainger, Inc.",Industrials,2022-12-31,2023-02-18,0.4896129455499672,0.061337390123042936,0.08011515464678526,203,231,434
ADM,Archer-Daniels-Midland Company,Consumer Defensive,2022-12-31,2023-02-18,0.2453792502179599,0.10778145167734368,0.5440495158720432,350,84,434
SNDR,"Schneider National, Inc.",Industrials,2022-12-31,2023-02-18,0.228869824692279,0.12543577976235026,0.5524783362218371,371,64,435
ANET,"Arista Networks, Inc.",Technology,2022-12-31,2023-02-18,1.105087463736181,0.03866256467805943,0.11517036822686827,67,372,439
ITT,ITT Inc.,Industrials,2022-12-31,2023-02-18,0.43843056465961233,0.0647730647537009,0.28860813249814204,231,208,439
SANM,Sanmina Corporation,Technology,2022-12-31,2023-02-18,0.23085370003232214,0.11502482866982695,0.5570911380450181,365,74,439
AME,"AMETEK, Inc.",Industrials,2022-12-31,2023-02-18,0.9160204424759995,0.042641496562573225,0.2221448563041846,97,343,440
FMC,FMC Corporation,Basic Materials,2022-12-31,2023-02-18,0.4621551233010499,0.06202607816325453,0.21120904836193452,215,226,441
AVTR,"Avantor, Inc.",Basic Materials,2022-12-31,2023-02-18,0.6503435425643415,0.05053558786084131,0.293439282803586,154,288,442
BAH,Booz Allen Hamilton Holding Corporation,Industrials,2022-12-31,2023-02-18,0.8202781840292451,0.04314916842862718,0.0939847296739579,109,337,446
HUBB,Hubbell Incorporated,Industrials,2022-12-31,2023-02-18,0.6785748583501392,0.04846841286014053,0.1744544949615171,147,299,446
KHC,The Kraft Heinz Company,Consumer Defensive,2022-12-31,2023-02-18,0.5129998680216444,0.056037716156169676,0.993425,190,256,446
RUSHB,"Rush Enterprises, Inc.",Consumer Cyclical,2022-12-31,2023-02-18,0.19669008928734266,0.15018204274260435,0.48518813775510206,401,45,446
CMI,Cummins Inc.,Industrials,2022-12-31,2023-02-18,0.3030424741439904,0.07799895738064852,0.2466967025284499,298,149,447
RUSHA,"Rush Enterprises, Inc.",Consumer Cyclical,2022-12-31,2023-02-18,0.19669008928734266,0.14777213706090356,0.5058344414893617,401,46,447
AEIS,"Advanced Energy Industries, Inc.",Industrials,2022-12-31,2023-02-18,0.38566672507447,0.06804310898994646,0.2934527486102532,259,192,451
AVT,"Avnet, Inc.",Technology,2022-12-31,2023-02-18,0.1775041623210224,0.16986305779811173,1.0514753392203318,419,32,451
IQV,IQVIA Holdings Inc.,Healthcare,2022-12-31,2023-02-18,1.7527093596059113,0.0327836135343782,0.14128703408728896,33,419,452
RL,Ralph Lauren Corporation,Consumer Cyclical,2022-12-31,2023-02-18,0.28887103254319,0.08041704516736642,0.30456137492872853,308,144,452
BG,Bunge Limited,Consumer Defensive,2022-12-31,2023-02-18,0.19733056265984655,0.1425685397197998,0.671312903556421,400,52,452
CTS,CTS Corporation,Technology,2022-12-31,2023-02-18,0.4600623557606959,0.06009689176432178,0.35434298440979956,216,237,453
NEU,NewMarket Corporation,Basic Materials,2022-12-31,2023-02-18,0.26638840773281575,0.08874150897291376,0.22834684566878796,331,124,455
FCX,Freeport-McMoRan Inc.,Basic Materials,2022-12-31,2023-02-18,0.20890764989662303,0.11839277716276474,0.26061332055582176,387,70,457
MEDP,"Medpace Holdings, Inc.",Healthcare,2022-12-31,2023-02-18,0.9323558044540792,0.03970608624826472,0.060331299040976456,92,366,458
MUR,Murphy Oil Corporation,Energy,2022-12-31,2023-02-18,0.1704028524293545,0.17797345096324546,0.812775107513281,428,30,458
HON,Honeywell International Inc.,Industrials,2022-12-31,2023-02-18,0.6719090009891197,0.04670951093258711,0.12416840432926225,150,309,459
CHTR,"Charter Communications, Inc.",Communication Services,2022-12-31,2023-02-18,0.3175668533981609,0.07304318979314688,0.15099590516151865,288,171,459
BOOT,"Boot Barn Holdings, Inc.",Consumer Cyclical,2022-12-31,2023-02-18,0.2685742639377428,0.08617474370787684,0.30079940966670765,329,130,459
BWA,BorgWarner Inc.,Consumer Cyclical,2022-12-31,2023-02-18,0.24444055331815795,0.09431650574090787,0.6118580210192346,353,106,459
MSI,"Motorola Solutions, Inc.",Technology,2022-12-31,2023-02-18,1.232130219391366,0.0342733419722723,0.0025721921163981885,56,405,461
ABNB,"Airbnb, Inc.",Consumer Cyclical,2022-12-31,2023-02-18,6.330188679245283,0.025569989925831465,0.06664133738601824,3,460,463
WMG,Warner Music Group Corp.,Communication Services,2022-12-31,2023-02-18,1.1262699564586358,0.03479038218005234,0.015787887918047607,62,401,463
LDOS,"Leidos Holdings, Inc.",Technology,2022-12-31,2023-02-18,0.4551174496644295,0.05812831165295532,0.309956538917424,220,244,464
CNXN,"PC Connection, Inc.",Technology,2022-12-31,2023-02-18,0.2053437897096448,0.11738592322404423,0.6692059838895282,393,71,464
TRU,TransUnion,Industrials,2022-12-31,2023-02-18,1.2512145748987855,0.03345256076392197,0.31234122401847575,53,412,465
JBSS,"John B. Sanfilippo & Son, Inc.",Consumer Defensive,2022-12-31,2023-02-18,0.2807013506983594,0.07962193940810039,0.2591377999782821,320,146,466
LTHM,Livent Corporation,Basic Materials,2022-12-31,2023-02-18,0.2843818890961506,0.07652313118759103,0.3330157415078707,315,152,467
PLUS,ePlus inc.,Technology,2022-12-31,2023-02-18,0.21011559199986218,0.11103052827863337,0.4909911504424779,386,82,468
WEX,WEX Inc.,Technology,2022-12-31,2023-02-18,0.9663321535220208,0.03770120123784859,0.19658150788282427,88,381,469
JNPR,"Juniper Networks, Inc.",Technology,2022-12-31,2023-02-18,0.4735710874064639,0.05481546259248206,0.4391318124207858,208,262,470
CCK,"Crown Holdings, Inc.",Consumer Cyclical,2022-12-31,2023-02-18,0.2733578131374949,0.08047648382012365,0.17955750172850887,327,143,470
KNX,Knight-Swift Transportation Holdings Inc.,Industrials,2022-12-31,2023-02-18,0.23604273807275908,0.09360602957888359,0.7188456420492348,360,110,470
HES,Hess Corporation,Energy,2022-12-31,2023-02-18,0.2600299028158485,0.08508486500604101,0.1911673553719008,336,135,471
PTC,PTC Inc.,Technology,2022-12-31,2023-02-18,1.822235059342506,0.029270012019517087,0.15592908128022104,31,441,472
ROP,"Roper Technologies, Inc.",Industrials,2022-12-31,2023-02-18,1.8794136392606755,0.02820257258756097,0.3534348110737,30,444,474
QLYS,"Qualys, Inc.",Technology,2022-12-31,2023-02-18,1.4187181663837012,0.030302288174780485,0.06454415113435101,41,434,475
NXGN,"NextGen Healthcare, Inc.",Healthcare,2022-12-31,2023-02-18,2.10439360929557,0.026999526563732636,0.33364978902953585,24,452,476
LEG,"Leggett & Platt, Incorporated",Consumer Cyclical,2022-12-31,2023-02-18,0.2853444725539801,0.07459344303444743,0.3575678798382438,313,163,476
OSIS,"OSI Systems, Inc.",Technology,2022-12-31,2023-02-18,0.26035258281317825,0.08125125657500044,0.40112488282470576,335,141,476
HTZ,"Hertz Global Holdings, Inc.",Industrials,2022-12-31,2023-02-18,0.1748190116462071,0.13311883950170633,0.4201952723535457,422,56,478
PINC,"Premier, Inc.",Healthcare,2022-12-31,2023-02-18,0.41388008688679023,0.06023548894438108,0.5805206463195691,244,236,480
LH,Laboratory Corporation of America Holdings,Healthcare,2022-12-31,2023-02-18,0.3861351440148943,0.0627886377543212,0.446710372278155,258,222,480
CMCO,Columbus McKinnon Corporation,Industrials,2022-12-31,2023-02-18,0.32048460340084195,0.06674821933503948,0.745337536117678,284,197,481
SUM,"Summit Materials, Inc.",Basic Materials,2022-12-31,2023-02-18,0.21293637743636107,0.097045569294671,0.5520785597381341,382,100,482
CLF,Cleveland-Cliffs Inc.,Basic Materials,2022-12-31,2023-02-18,0.16040876364480916,0.1436287746246432,0.7657416750756811,434,50,484
ACM,AECOM,Industrials,2022-12-31,2023-02-18,0.6195535203205496,0.04414015450458044,0.20575008390200245,159,327,486
PG,The Procter & Gamble Company,Consumer Defensive,2022-12-31,2023-02-18,0.5095158880085714,0.049137333126416834,0.1320691379187201,192,295,487
COLM,Columbia Sportswear Company,Consumer Cyclical,2022-12-31,2023-02-18,0.2595739321662808,0.07746921328099879,0.3423157200922773,338,150,488
VZ,Verizon Communications Inc.,Communication Services,2022-12-31,2023-02-18,0.21592702203019076,0.09282983261685948,0.5395822973644954,377,112,489
DOCS,"Doximity, Inc.",Healthcare,2022-12-31,2023-02-18,4.397014706958367,0.02086229298300223,0.14248075784487862,8,482,490
MTD,Mettler-Toledo International Inc.,Healthcare,2022-12-31,2023-02-18,1.1082017940132631,0.031915868395842296,0.0007397964238769296,66,424,490
SBH,"Sally Beauty Holdings, Inc.",Consumer Cyclical,2022-12-31,2023-02-18,0.20822321511545114,0.095896705805903,0.20332943925233643,388,102,490
META,"Meta Platforms, Inc.",Communication Services,2022-12-31,2023-02-18,0.3093695889181043,0.06564506556961185,0.2781813975011569,290,201,491
GGG,Graco Inc.,Industrials,2022-12-31,2023-02-18,0.5117199688854317,0.04808800701985238,0.15301504070649924,191,301,492
HTLD,"Heartland Express, Inc.",Industrials,2022-12-31,2023-02-18,0.1817016408583895,0.11235926191651953,0.6435531788472966,413,79,492
MANH,"Manhattan Associates, Inc.",Technology,2022-12-31,2023-02-18,4.990685361309932,0.01697500549854556,0.025098066203289516,5,492,497
CHGG,"Chegg, Inc.",Consumer Defensive,2022-12-31,2023-02-18,0.492722458908436,0.04854700722147259,0.5396699266503668,199,298,497
TKR,The Timken Company,Industrials,2022-12-31,2023-02-18,0.24692191595837637,0.07808393779603773,0.3596198156682028,349,148,497
HBI,Hanesbrands Inc.,Consumer Cyclical,2022-12-31,2023-02-18,0.21957547647237943,0.08951645888761052,0.19982486865148863,375,122,497
WAB,Westinghouse Air Brake Technologies Corporation,Industrials,2022-12-31,2023-02-18,0.5202601300650325,0.04643840973737722,0.5149398047208267,185,313,498
CSWI,"CSW Industrials, Inc.",Industrials,2022-12-31,2023-02-18,0.4485919575566994,0.05221773372673321,0.2284084467120181,222,278,500
GD,General Dynamics Corporation,Industrials,2022-12-31,2023-02-18,0.3713614629645164,0.05991062365408125,0.2881322791804812,265,238,503
NCR,NCR Corporation,Technology,2022-12-31,2023-02-18,0.4416740872662511,0.05361710132321126,0.4000372995151063,230,276,506
MPWR,"Monolithic Power Systems, Inc.",Technology,2022-12-31,2023-02-18,1.497341505276391,0.02333875103874781,0.0705491047421777,36,471,507
SLGN,Silgan Holdings Inc.,Consumer Cyclical,2022-12-31,2023-02-18,0.2831478687287816,0.06858588796140108,0.2902865649423148,318,189,507
TDY,Teledyne Technologies Incorporated,Technology,2022-12-31,2023-02-18,0.5777674795806059,0.0423408077188478,0.3888233283973118,162,347,509
SEB,Seaboard Corporation,Industrials,2022-12-31,2023-02-18,0.13734191258043044,0.14155376673631118,1.0772133650356652,456,53,509
VIAV,Viavi Solutions Inc.,Technology,2022-12-31,2023-02-18,0.37021175350939806,0.05804395858484472,0.2746858168761221,266,246,512
LRN,"Stride, Inc.",Consumer Defensive,2022-12-31,2023-02-18,0.26161031688645775,0.07076833182087025,0.4562770562770563,334,178,512
EXPO,"Exponent, Inc.",Industrials,2022-12-31,2023-02-18,1.1989206122205764,0.026271258008760602,0.0576864745622501,58,456,514
ODFL,"Old Dominion Freight Line, Inc.",Industrials,2022-12-31,2023-02-18,0.47554748631606764,0.047196392122937476,0.09328993349115096,207,308,515
ZI,ZoomInfo Technologies Inc.,Technology,2022-12-31,2023-02-18,1.9314194577352473,0.019567196088443886,0.2186697782963827,28,488,516
PAGP,"Plains GP Holdings, L.P.",Energy,2022-12-31,2023-02-18,0.11626714523779003,0.15967477031536012,0.5862686567164179,479,38,517
BMI,"Badger Meter, Inc.",Technology,2022-12-31,2023-02-18,1.1852410867259524,0.02576766419748639,0.12582093274586414,59,459,518
CDNS,"Cadence Design Systems, Inc.",Technology,2022-12-31,2023-02-18,1.664454762164436,0.019968616572368685,0.05177432627031475,34,486,520
SXI,Standex International Corporation,Industrials,2022-12-31,2023-02-18,0.2915239726027397,0.06401663782690054,0.3826975709887102,306,214,520
SON,Sonoco Products Company,Consumer Cyclical,2022-12-31,2023-02-18,0.22999621446761648,0.07683278674157237,0.34311445881775016,369,151,520
GNRC,Generac Holdings Inc.,Industrials,2022-12-31,2023-02-18,0.31967483845777545,0.0603413044346606,0.2899345270963162,286,235,521
UA,"Under Armour, Inc.",Consumer Cyclical,2022-12-31,2023-02-18,0.20752813360263975,0.08596529117334761,0.44264232008592913,390,131,521
INGR,Ingredion Incorporated,Consumer Defensive,2022-12-31,2023-02-18,0.18535524407926535,0.09343057147386193,0.48353689310588477,410,111,521
ZD,"Ziff Davis, Inc.",Communication Services,2022-12-31,2023-02-18,0.6846919000568519,0.03847635867660859,0.4872689938398357,144,378,522
EXEL,"Exelixis, Inc.",Healthcare,2022-12-31,2023-02-18,0.5022008863365587,0.04414589027352866,0.43916523727844486,196,326,522
ENPH,"Enphase Energy, Inc.",Technology,2022-12-31,2023-02-18,1.9052506419836677,0.016740437207545558,0.029518513098199913,29,494,523
EW,Edwards Lifesciences Corporation,Healthcare,2022-12-31,2023-02-18,0.6848621918963469,0.037844354162491475,0.12158960641956437,143,380,523
UAA,"Under Armour, Inc.",Consumer Cyclical,2022-12-31,2023-02-18,0.20752813360263975,0.08586027699292524,0.3921027592768792,390,133,523
R,"Ryder System, Inc.",Industrials,2022-12-31,2023-02-18,0.1340014847809948,0.12433533978196334,0.6043213633597079,458,65,523
SHW,The Sherwin-Williams Company,Basic Materials,2022-12-31,2023-02-18,0.5410748840775493,0.042198963693251906,0.05284235459250812,178,349,527
ANDE,"The Andersons, Inc.",Consumer Defensive,2022-12-31,2023-02-18,0.1234495222935409,0.13033846781601194,0.9462287104622872,470,59,529
ST,Sensata Technologies Holding plc,Technology,2022-12-31,2023-02-18,0.38944075506119175,0.05371869378681498,0.3912018401380103,257,274,531
INCY,Incyte Corporation,Healthcare,2022-12-31,2023-02-18,0.6844199736930843,0.03615463328401868,0.24834177215189873,145,389,534
QRVO,"Qorvo, Inc.",Technology,2022-12-31,2023-02-18,0.33365269973265016,0.055990671092356725,0.4039289871944121,278,257,535
FTV,Fortive Corporation,Technology,2022-12-31,2023-02-18,0.6835959482273495,0.03602081545114953,0.39561707035755483,146,390,536
HAL,Halliburton Company,Energy,2022-12-31,2023-02-18,0.2841298879487766,0.06311370712254569,0.24142465753424655,317,219,536
ROL,"Rollins, Inc.",Consumer Cyclical,2022-12-31,2023-02-18,0.9771142938622897,0.027022099417184794,0.06694214876033058,86,451,537
IP,International Paper Company,Consumer Cyclical,2022-12-31,2023-02-18,0.1458995549904641,0.10253264954978007,0.6283773190488633,447,90,537
ROK,"Rockwell Automation, Inc.",Industrials,2022-12-31,2023-02-18,0.634122919334187,0.03728961504136501,0.0852949079672175,156,383,539
SAIA,"Saia, Inc.",Industrials,2022-12-31,2023-02-18,0.2749288814379093,0.06349220726618354,0.21021353319663436,325,216,541
WERN,"Werner Enterprises, Inc.",Industrials,2022-12-31,2023-02-18,0.15459581947302745,0.09463959345376312,0.48500424808836023,437,104,541
WAT,Waters Corporation,Healthcare,2022-12-31,2023-02-18,0.49728166268083207,0.04245949760978878,0.019684847747391477,197,346,543
SPSC,"SPS Commerce, Inc.",Technology,2022-12-31,2023-02-18,1.4555157959308864,0.013496444475067716,0.09780719083366257,40,507,547
SSTK,"Shutterstock, Inc.",Communication Services,2022-12-31,2023-02-18,0.7562816744582082,0.03152096416935194,0.16415615141955836,123,428,551
MOD,Modine Manufacturing Company,Consumer Cyclical,2022-12-31,2023-02-18,0.19929006085192696,0.0756070619904751,0.385981308411215,398,156,554
MSA,MSA Safety Incorporated,Industrials,2022-12-31,2023-02-18,0.44378967692197485,0.044114277452762814,0.16808131241084168,227,328,555
TMO,Thermo Fisher Scientific Inc.,Healthcare,2022-12-31,2023-02-18,0.5761491352042533,0.03564556788789118,0.20120421654457743,163,394,557
FAST,Fastenal Company,Industrials,2022-12-31,2023-02-18,0.3982637747836565,0.04724258399501572,0.10370508982035928,251,306,557
MMS,"Maximus, Inc.",Industrials,2022-12-31,2023-02-18,0.39794202560035763,0.04766692880609464,0.30970238095238095,253,304,557
NUS,"Nu Skin Enterprises, Inc.",Consumer Defensive,2022-12-31,2023-02-18,0.23070964416438863,0.06811259546146474,0.4143314285714286,366,191,557
NTCT,"NetScout Systems, Inc.",Technology,2022-12-31,2023-02-18,0.6911476398733223,0.03220835275439142,0.9428428428428429,138,422,560
NFG,National Fuel Gas Company,Energy,2022-12-31,2023-02-18,0.11773725735059155,0.10693676721704339,0.474815323827521,477,86,563
CXW,"CoreCivic, Inc.",Industrials,2022-12-31,2023-02-18,0.10688142369629954,0.11191960720294408,1.1796401515151516,483,80,563
FELE,"Franklin Electric Co., Inc.",Industrials,2022-12-31,2023-02-18,0.30337813580410844,0.05433339904813853,0.2396161825726141,297,267,564
PAYC,"Paycom Software, Inc.",Technology,2022-12-31,2023-02-18,0.9743221484514769,0.02181702408941976,0.06985422356773834,87,478,565
ZTS,Zoetis Inc.,Healthcare,2022-12-31,2023-02-18,0.5655592687241989,0.03471389890367591,0.05520548741498576,164,402,566
LSCC,Lattice Semiconductor Corporation,Technology,2022-12-31,2023-02-18,1.087472850837245,0.015606703361183673,0.04079219288174512,70,499,569
JBHT,"J.B. Hunt Transport Services, Inc.",Industrials,2022-12-31,2023-02-18,0.2409093581825863,0.06417183004644034,0.18765595964958853,358,211,569
HII,"Huntington Ingalls Industries, Inc.",Industrials,2022-12-31,2023-02-18,0.21165248775457593,0.06928140614003665,0.3894361806359669,384,185,569
CSX,CSX Corporation,Industrials,2022-12-31,2023-02-18,0.1789899107376501,0.07610141311140552,0.19561038128804872,416,154,570
ICHR,"Ichor Holdings, Ltd.",Technology,2022-12-31,2023-02-18,0.20765665714752743,0.06878083536906644,0.5908563134978229,389,188,577
SNPS,"Synopsys, Inc.",Technology,2023-01-31,2023-02-18,0.9283138898408143,0.019988256751766426,0.10212441811256877,94,485,579
GM,General Motors Company,Consumer Cyclical,2022-12-31,2023-02-18,0.1078061818929477,0.09845356219639018,1.121681723419041,482,97,579
HSY,The Hershey Company,Consumer Defensive,2022-12-31,2023-02-18,0.4872169539514402,0.038517904995537124,0.06677884415638373,205,375,580
GTES,Gates Industrial Corporation plc,Industrials,2022-12-31,2023-02-18,0.2208784940102681,0.06484054020486728,0.7772598870056497,374,207,581
MCRI,"Monarch Casino & Resort, Inc.",Consumer Cyclical,2022-12-31,2023-02-18,0.19037483216087955,0.0718917436085039,0.35725857486394125,406,175,581
AA,Alcoa Corporation,Basic Materials,2022-12-31,2023-02-18,0.11237630473092043,0.09483958094239966,0.609532949456174,481,103,584
BERY,"Berry Global Group, Inc.",Consumer Cyclical,2022-12-31,2023-02-18,0.18295471870712,0.07224195696965434,0.4258069645412625,412,173,585
UVV,Universal Corporation,Consumer Defensive,2022-12-31,2023-02-18,0.09354696166345558,0.10093819091725251,1.0397185741088182,491,94,585
ATGE,Adtalem Global Education Inc.,Consumer Defensive,2022-12-31,2023-02-18,0.2871710216584295,0.053681105728676654,0.81806640625,311,275,586
EPC,Edgewell Personal Care Company,Consumer Defensive,2022-12-31,2023-02-18,0.27983539094650206,0.05429650753145204,0.6498535706240144,321,268,589
AM,Antero Midstream Corporation,Energy,2022-12-31,2023-02-18,0.16891794091374732,0.07489768927705241,0.43490122295390404,429,160,589
UHAL,U-Haul Holding Company,Industrials,2022-12-31,2023-02-18,0.12230202568223446,0.09134988925733165,0.5174470715499924,472,117,589
CHD,"Church & Dwight Co., Inc.",Consumer Defensive,2022-12-31,2023-02-18,0.7158424140821459,0.026181228277744096,0.17079255192169968,133,457,590
MRTN,"Marten Transport, Ltd.",Industrials,2022-12-31,2023-02-18,0.17121000346464285,0.0744828299474231,0.3856888888888889,427,165,592
NVST,Envista Holdings Corporation,Healthcare,2022-12-31,2023-02-18,0.33489193682460516,0.045496020968541544,0.6699064449064449,276,317,593
KMB,Kimberly-Clark Corporation,Consumer Defensive,2022-12-31,2023-02-18,0.296070460704607,0.05030310584203336,0.012740705808378527,303,291,594
GPK,Graphic Packaging Holding Company,Consumer Cyclical,2022-12-31,2023-02-18,0.1715842886675437,0.07328913032182542,0.29749149659863944,425,169,594
REYN,Reynolds Consumer Products Inc.,Consumer Cyclical,2022-12-31,2023-02-18,0.2843472317156528,0.052073922891162146,0.31598579040852576,316,280,596
EHC,Encompass Health Corporation,Healthcare,2022-12-31,2023-02-18,0.18859121011438892,0.06815409007374042,0.20991091314031182,407,190,597
BRKR,Bruker Corporation,Healthcare,2022-12-31,2023-02-18,0.4317863479316463,0.040563430484742424,0.10379764003797638,237,363,600
TRIP,"Tripadvisor, Inc.",Consumer Cyclical,2022-12-31,2023-02-18,0.502262443438914,0.03409990677441847,0.2792599360438556,195,406,601
NBIX,"Neurocrine Biosciences, Inc.",Healthcare,2022-12-31,2023-02-18,0.7015873015873015,0.024078240081730568,0.17091945141974113,136,470,606
RTX,Raytheon Technologies Corporation,Industrials,2022-12-31,2023-02-18,0.4021625775289533,0.04124214281510641,0.48969559649295635,249,357,606
HAS,"Hasbro, Inc.",Consumer Cyclical,2022-12-31,2023-02-18,0.4437262747512055,0.037950091027851726,0.34860175202156335,228,379,607
TECH,Bio-Techne Corporation,Healthcare,2022-12-31,2023-02-18,0.5889709106201738,0.02736223784427267,0.15312006319115326,160,449,609
RMD,ResMed Inc.,Healthcare,2022-12-31,2023-02-18,0.5214984729589887,0.03157290183755701,0.11773387619135746,184,427,611
SYY,Sysco Corporation,Consumer Defensive,2022-12-31,2023-02-18,0.3045082099065274,0.0457892269580351,0.03598018040909669,296,316,612
TYL,"Tyler Technologies, Inc.",Technology,2022-12-31,2023-02-18,0.816495344238992,0.014064924639296029,0.17811408614668217,110,505,615
IDXX,"IDEXX Laboratories, Inc.",Healthcare,2022-12-31,2023-02-18,0.6895246176318955,0.021405825497084398,0.014792732546428716,139,480,619
SLAB,Silicon Laboratories Inc.,Technology,2022-12-31,2023-02-18,0.5651054043044335,0.02633071726010283,0.2448973901405309,165,455,620
MTX,Minerals Technologies Inc.,Basic Materials,2022-12-31,2023-02-18,0.1356382978723404,0.07450243504927381,0.7644643699858424,457,164,621
PEP,"PepsiCo, Inc.",Consumer Defensive,2022-12-31,2023-02-18,0.38100847485357153,0.041045578721808654,0.07064896755162242,261,361,622
NSC,Norfolk Southern Corporation,Industrials,2022-12-31,2023-02-18,0.1463296209753285,0.07153722853107113,0.24469866316020164,445,177,622
UNP,Union Pacific Corporation,Industrials,2022-12-31,2023-02-18,0.17533480250889982,0.06551863479695835,0.09852175207103527,421,202,623
WRK,WestRock Company,Consumer Cyclical,2022-12-31,2023-02-18,0.10162578477570719,0.08478268843353169,1.3918279569892476,487,136,623
PLXS,Plexus Corp.,Technology,2022-12-31,2023-02-18,0.13806709778448376,0.07305688604643774,0.41583150329407065,455,170,625
EXTR,"Extreme Networks, Inc.",Technology,2022-12-31,2023-02-18,0.5599056641104173,0.025459127885576662,0.03392024857586743,167,462,629
WWE,"World Wrestling Entertainment, Inc.",Communication Services,2022-12-31,2023-02-18,0.32749124891615017,0.042277046144212044,0.07900659240736531,281,348,629
PCTY,Paylocity Holding Corporation,Technology,2022-12-31,2023-02-18,0.7983196209986302,0.007875396521967377,0.058062204385839186,115,515,630
EFX,Equifax Inc.,Industrials,2022-12-31,2023-02-18,0.43563542400751704,0.03543574150519717,0.1525505384470055,234,397,631
SCI,Service Corporation International,Consumer Cyclical,2022-12-31,2023-02-18,0.20719769427219603,0.058972212446205485,0.15216295674086516,392,240,632
VECO,Veeco Instruments Inc.,Technology,2022-12-31,2023-02-18,0.22969817257839018,0.054684581878400224,0.39498158379373854,370,263,633
COTY,Coty Inc.,Consumer Defensive,2022-12-31,2023-02-18,0.4446529080675422,0.03383484857364918,0.37484162895927603,226,408,634
GT,The Goodyear Tire & Rubber Company,Consumer Cyclical,2022-12-31,2023-02-18,0.08180943214629452,0.08332900362366114,1.5877118644067796,496,138,634
SKX,"Skechers U.S.A., Inc.",Consumer Cyclical,2022-12-31,2023-02-18,0.1294573103702725,0.07290510284316784,0.5144901610017889,464,172,636
ISRG,"Intuitive Surgical, Inc.",Healthcare,2022-12-31,2023-02-18,0.664265857973212,0.019815432766422125,0.13204972583818173,152,487,639
ESE,ESCO Technologies Inc.,Technology,2022-12-31,2023-02-18,0.28500589508465146,0.044166358552190234,0.4216649642492339,314,325,639
KMT,Kennametal Inc.,Industrials,2022-12-31,2023-02-18,0.12961022842614087,0.07162361594271037,0.5363730569948186,463,176,639
CENTA,Central Garden & Pet Company,Consumer Defensive,2022-12-31,2023-02-18,0.1432660789643109,0.06722030658125396,0.5993880048959608,449,194,643
AKAM,"Akamai Technologies, Inc.",Technology,2022-12-31,2023-02-18,0.2578390351387616,0.048026030553434844,0.3615782664941785,341,303,644
CENT,Central Garden & Pet Company,Consumer Defensive,2022-12-31,2023-02-18,0.1432660789643109,0.06722029174321714,0.5679656692182788,449,195,644
NSSC,"Napco Security Technologies, Inc.",Industrials,2022-12-31,2023-02-18,0.4876569374004297,0.02875630260757205,0.10776758409785932,204,442,646
SYK,Stryker Corporation,Healthcare,2022-12-31,2023-02-18,0.4902497985495568,0.027749862044981685,0.16672746618027054,201,447,648
HRI,Herc Holdings Inc.,Industrials,2022-12-31,2023-02-18,0.12377704976488155,0.07053996742227055,0.2565057502005884,469,181,650
DD,"DuPont de Nemours, Inc.",Basic Materials,2022-12-31,2023-02-18,0.227325990157019,0.05214219613892443,0.7704049014384656,372,279,651
GVA,Granite Construction Incorporated,Industrials,2022-12-31,2023-02-18,0.17634167138020987,0.06082623034898849,0.4976244860666971,420,233,653
ALGN,"Align Technology, Inc.",Healthcare,2022-12-31,2023-02-18,0.4842163710868527,0.027157501616759255,0.14664835338322124,206,450,656
CMCSA,Comcast Corporation,Communication Services,2022-12-31,2023-02-18,0.2303068428042217,0.04991266122273402,0.4902862985685072,367,292,659
DGII,Digi International Inc.,Technology,2022-12-31,2023-02-18,0.4193167264921806,0.03235179726080499,0.4136231884057971,242,421,663
RXO,"RXO, Inc.",Industrials,2022-12-31,2023-02-18,0.28604651162790695,0.0420794798200116,0.23981042654028434,312,351,663
DT,"Dynatrace, Inc.",Technology,2022-12-31,2023-02-18,0.6782298432751326,0.0073397922172061675,0.11887145867478342,148,516,664
TSCO,Tractor Supply Company,Consumer Cyclical,2022-12-31,2023-02-18,0.24051793698146212,0.047642863818492254,0.07738493723849373,359,305,664
LEA,Lear Corporation,Consumer Cyclical,2022-12-31,2023-02-18,0.1641907951598963,0.06093823161464502,0.5509739807986642,433,232,665
SITE,"SiteOne Landscape Supply, Inc.",Industrials,2022-12-31,2023-02-18,0.25050763330074455,0.04465412035330591,0.19053468208092486,345,323,668
K,Kellogg Company,Consumer Defensive,2022-12-31,2023-02-18,0.24506408036023553,0.04513274679517309,0.16851418543433752,351,320,671
PH,Parker-Hannifin Corporation,Industrials,2022-12-31,2023-02-18,0.3496960155294949,0.034682732789231216,0.20445594688871385,272,403,675
ELF,"e.l.f. Beauty, Inc.",Consumer Defensive,2022-12-31,2023-02-18,0.5509247175509899,0.015105147107668242,0.09839782756279701,174,502,676
PKI,"PerkinElmer, Inc.",Healthcare,2022-12-31,2023-02-18,0.31241544170381064,0.03687768078814492,0.4380470623501199,289,387,676
FLO,"Flowers Foods, Inc.",Consumer Defensive,2022-12-31,2023-02-18,0.24403201762237606,0.043796145995628595,0.23942069939950547,354,332,686
OSK,Oshkosh Corporation,Industrials,2022-12-31,2023-02-18,0.15420670260135927,0.0572199276895947,0.5341634668129457,439,249,688
WFRD,Weatherford International plc,Energy,2022-12-31,2023-02-18,0.17759103641456583,0.054032186225406294,0.12344520439001114,418,271,689
XYL,Xylem Inc.,Industrials,2022-12-31,2023-02-18,0.44223826714801445,0.02416690106785175,0.18011930282412153,229,469,698
PSN,Parsons Corporation,Technology,2022-12-31,2023-02-18,0.28723751116530105,0.03580656228044857,0.4350869371377619,310,393,703
CSGS,"CSG Systems International, Inc.",Technology,2022-12-31,2023-02-18,0.2877903509556609,0.03556129263025843,0.19509415262636273,309,395,704
CLX,The Clorox Company,Consumer Defensive,2022-12-31,2023-02-18,0.34591836734693876,0.030780200617611716,0.016923777907960687,274,431,705
CVS,CVS Health Corporation,Healthcare,2022-12-31,2023-02-18,0.23142598169644163,0.04276610851137511,0.6166967712801987,364,341,705
SXT,Sensient Technologies Corporation,Basic Materials,2022-12-31,2023-02-18,0.17179412401595429,0.05088066175765572,0.30789779326364697,424,286,710
ALGM,"Allegro MicroSystems, Inc.",Technology,2022-12-31,2023-02-18,0.4363682836251009,0.021173961279568124,0.10487640449438201,233,481,714
HWM,Howmet Aerospace Inc.,Industrials,2022-12-31,2023-02-18,0.24962630792227206,0.03940460773694762,0.19999999999999996,346,368,714
IPGP,IPG Photonics Corporation,Technology,2022-12-31,2023-02-18,0.20466604223990548,0.04504880416707981,0.3777693070061752,394,322,716
GLW,Corning Incorporated,Technology,2022-12-31,2023-02-18,0.1217720781113378,0.058138055591972784,0.4003372681281619,473,243,716
INTC,Intel Corporation,Technology,2022-12-31,2023-02-18,0.09701466255003932,0.06183103133710155,0.8879391524809851,489,228,717
XPO,"XPO, Inc.",Industrials,2022-12-31,2023-02-18,0.14464482885535518,0.05410907617856518,0.2356663984982569,448,270,718
SONO,"Sonos, Inc.",Technology,2022-12-31,2023-02-18,0.40975785990524594,0.02224068378828997,0.24122211445198835,246,476,722
ECL,Ecolab Inc.,Basic Materials,2022-12-31,2023-02-18,0.3217826801030029,0.02934898656330117,0.15655439935964532,283,440,723
ENS,EnerSys,Industrials,2022-12-31,2023-02-18,0.15921671087663009,0.050319393713507944,0.41104395604395605,435,290,725
MWA,"Mueller Water Products, Inc.",Industrials,2022-12-31,2023-02-18,0.1784481464805643,0.046654023355708805,0.3118271954674221,417,310,727
AGYS,"Agilysys, Inc.",Technology,2022-12-31,2023-02-18,0.4665911664779162,0.006515950259418247,0.05462225440502051,212,519,731
EL,The Este Lauder Companies Inc.,Consumer Defensive,2022-12-31,2023-02-18,0.39093959731543626,0.022430254807352328,0.06535115469788041,256,475,731
MDLZ,"Mondelez International, Inc.",Consumer Defensive,2022-12-31,2023-02-18,0.2957450250768484,0.030841319365673667,0.2944203440538519,304,429,733
TDC,Teradata Corporation,Technology,2022-12-31,2023-02-18,0.35542168674698793,0.02481858272250006,0.06134331964242571,270,464,734
RRX,Regal Rexnord Corporation,Industrials,2022-12-31,2023-02-18,0.08139804923362749,0.05907531515671047,0.6042076263227099,497,239,736
AXTA,Axalta Coating Systems Ltd.,Basic Materials,2022-12-31,2023-02-18,0.21077494692144375,0.04179899780962894,0.2242682096664398,385,353,738
KMI,"Kinder Morgan, Inc.",Energy,2022-12-31,2023-02-18,0.10327313769751693,0.05648303673650963,0.7714043993231811,486,253,739
APD,"Air Products and Chemicals, Inc.",Basic Materials,2022-12-31,2023-02-18,0.18037166085946574,0.04391259917995149,0.224339494476422,414,330,744
AIN,Albany International Corp.,Consumer Cyclical,2022-12-31,2023-02-18,0.18691301592179307,0.043341488508347834,0.26795131845841785,409,336,745
WM,"Waste Management, Inc.",Industrials,2022-12-31,2023-02-18,0.20430174177152421,0.041910430854959844,0.10838497288923317,395,352,747
TSLA,"Tesla, Inc.",Consumer Cyclical,2022-12-31,2023-02-18,0.36015742323028327,0.02144398638416078,0.06782679660121933,269,479,748
HLIT,Harmonic Inc.,Technology,2022-12-31,2023-02-18,0.2595745126917654,0.03300345701099571,0.21768607221812825,337,415,752
ARMK,Aramark,Industrials,2022-12-31,2023-02-18,0.21353632113125784,0.03863219907777049,0.3151958224543081,380,373,753
PTEN,"Patterson-UTI Energy, Inc.",Energy,2022-12-31,2023-02-18,0.08527710202578087,0.055862691290327275,0.5531205673758866,495,258,753
ESMT,"EngageSmart, Inc.",Technology,2022-12-31,2023-02-18,0.4332526653149323,0.006157660532032083,0.23069966682532128,235,520,755
MLM,"Martin Marietta Materials, Inc.",Basic Materials,2022-12-31,2023-02-18,0.1487264830158393,0.046565560579024695,0.3107619457597934,443,312,755
RSG,"Republic Services, Inc.",Industrials,2022-12-31,2023-02-18,0.1988641944441964,0.04119720560066589,0.227576538344953,399,359,758
XRX,Xerox Holdings Corporation,Technology,2022-12-31,2023-02-18,0.14982332155477032,0.0450924980199799,1.2796660703637448,440,321,761
SKYW,"SkyWest, Inc.",Industrials,2022-12-31,2023-02-18,0.036690606385654745,0.058123627622899014,2.26552734375,516,245,761
RBC,RBC Bearings Incorporated,Industrials,2022-12-31,2023-02-18,0.26163132581330045,0.030553057389040454,0.3632075869336144,333,432,765
YELP,Yelp Inc.,Communication Services,2022-12-31,2023-02-18,0.25724866092093374,0.03184908375982968,0.32955505034101984,342,425,767
LANC,Lancaster Colony Corporation,Consumer Defensive,2022-12-31,2023-02-18,0.262554708894901,0.029729897947877188,0.162428716904277,332,438,770
DLB,"Dolby Laboratories, Inc.",Industrials,2022-12-31,2023-02-18,0.25811048984699403,0.030809607571065597,0.28507963118189433,340,430,770
CTVA,"Corteva, Inc.",Basic Materials,2022-12-31,2023-02-18,0.21457085828343314,0.035809809139871335,0.5737906487623362,379,392,771
GFS,GLOBALFOUNDRIES Inc.,Technology,2022-12-31,2023-02-18,0.14714853498474906,0.04367134811053424,0.2703394877903514,444,334,778
BALL,Ball Corporation,Consumer Cyclical,2022-12-31,2023-02-18,0.14135444982862547,0.0440971136451652,0.19529023288147376,451,329,780
AJRD,"Aerojet Rocketdyne Holdings, Inc.",Industrials,2022-12-31,2023-02-18,0.2592970984879444,0.027944730919115757,0.12011432654519472,339,445,784
ENSG,"The Ensign Group, Inc.",Healthcare,2022-12-31,2023-02-18,0.11860623938386204,0.04660360618172951,0.2475580376697328,475,311,786
HP,"Helmerich & Payne, Inc.",Energy,2022-12-31,2023-02-18,0.07282021765590231,0.05103780477122766,0.6170714454138175,501,285,786
HAE,Haemonetics Corporation,Healthcare,2022-12-31,2023-02-18,0.24196333653123137,0.03021175399533045,0.1892593503937008,356,435,791
CHX,ChampionX Corporation,Energy,2022-12-31,2023-02-18,0.19326105774912877,0.036630301690597535,0.27458990028948216,403,388,791
CALX,"Calix, Inc.",Technology,2022-12-31,2023-02-18,0.3000285143997719,0.016465339680677444,0.1978621874403512,300,495,795
AOS,A. O. Smith Corporation,Industrials,2022-12-31,2023-02-18,0.27481726008016977,0.02326299973310563,0.1719214753123141,326,472,798
ASH,Ashland Inc.,Basic Materials,2022-12-31,2023-02-18,0.12687585266030013,0.042995470182188356,0.5914385218148399,467,338,805
CVLT,"Commvault Systems, Inc.",Technology,2022-12-31,2023-02-18,0.3003108237259241,0.013064962714943527,0.09319749719236323,299,508,807
CHEF,"The Chefs' Warehouse, Inc.",Consumer Defensive,2022-12-31,2023-02-18,0.1322040066118965,0.0421366863031285,0.2966199505358615,460,350,810
BDX,"Becton, Dickinson and Company",Healthcare,2022-12-31,2023-02-18,0.24493183165382335,0.024850332466482914,0.36691477179780796,352,463,815
WDC,Western Digital Corporation,Technology,2022-12-31,2023-02-18,0.1306798770071746,0.04148666709931096,0.9133718133718135,462,355,817
DAL,"Delta Air Lines, Inc.",Industrials,2022-12-31,2023-02-18,0.0680966264056643,0.045232436672050846,0.26887382690302397,505,318,823
VFC,V.F. Corporation,Consumer Cyclical,2022-12-31,2023-02-18,0.14011467228445756,0.03739209196655883,0.31645053723601335,452,382,834
AMD,"Advanced Micro Devices, Inc.",Technology,2022-12-31,2023-02-18,0.26677852348993286,0.010293072714727802,0.4323949044585987,330,509,839
CTLT,"Catalent, Inc.",Healthcare,2022-12-31,2023-02-18,0.1259475218658892,0.03902668473562983,0.38238755779739386,468,371,839
PFGC,Performance Food Group Company,Consumer Defensive,2022-12-31,2023-02-18,0.10626406463275169,0.041212249430725274,0.37886641029928103,484,358,842
CMG,"Chipotle Mexican Grill, Inc.",Consumer Cyclical,2022-12-31,2023-02-18,0.21522508027163845,0.024654411378771366,0.05298608492461379,378,466,844
DIS,The Walt Disney Company,Communication Services,2022-12-31,2023-02-18,0.18753504766482415,0.029570158160721557,0.5004371792434898,408,439,847
AVNT,Avient Corporation,Basic Materials,2022-12-31,2023-02-18,0.15454545454545454,0.03349934274435502,0.597577451665502,438,411,849
NWS,News Corporation,Communication Services,2022-12-31,2023-02-18,0.1491885143570537,0.03366732370256671,0.7377812663526949,441,409,850
NWSA,News Corporation,Communication Services,2022-12-31,2023-02-18,0.1491885143570537,0.033574402525778646,0.7420526315789474,441,410,851
HAIN,"The Hain Celestial Group, Inc.",Consumer Defensive,2022-12-31,2023-02-18,0.13170418954477434,0.03601260623374681,0.6484309623430962,461,391,852
SAM,"The Boston Beer Company, Inc.",Consumer Defensive,2022-12-31,2023-02-18,0.16607969854476703,0.03220640111057294,0.2658552151714077,430,423,853
ITGR,Integer Holdings Corporation,Healthcare,2022-12-31,2023-02-18,0.15490829061492872,0.032920938595374635,0.5606636935991606,436,417,853
MODG,Topgolf Callaway Brands Corp.,Consumer Cyclical,2022-12-31,2023-02-18,0.07721934416447422,0.04165428616032372,0.8573288534229316,499,354,853
WWD,"Woodward, Inc.",Industrials,2022-12-31,2023-02-18,0.1333807766790965,0.03491667270919564,0.3223110321689362,459,400,859
ATI,ATI Inc.,Industrials,2022-12-31,2023-02-18,0.09899575278847299,0.03860980793600272,0.19643549951503395,488,374,862
ZWS,Zurn Elkay Water Solutions Corporation,Industrials,2022-12-31,2023-02-18,0.20413055504333394,0.024315800554281113,0.39088184931506853,396,468,864
FORM,"FormFactor, Inc.",Technology,2022-12-31,2023-02-18,0.18475354182866463,0.026145506343030724,0.33262591067469116,411,458,869
NWL,Newell Brands Inc.,Consumer Defensive,2022-12-31,2023-02-18,0.12284550297712316,0.035177016172692054,0.5710067114093959,471,399,870
LUV,Southwest Airlines Co.,Industrials,2022-12-31,2023-02-18,0.054149344840288376,0.03996428873805604,0.5088235294117648,508,365,873
NATI,National Instruments Corporation,Technology,2022-12-31,2023-02-18,0.20064080239604373,0.02195396875109726,0.16943432406519657,397,477,874
SWK,"Stanley Black & Decker, Inc.",Industrials,2022-12-31,2023-02-18,0.11674153610167634,0.03522165031150629,0.7410181655079614,478,398,876
VMC,Vulcan Materials Company,Basic Materials,2022-12-31,2023-02-18,0.12739065579883863,0.03305527143619555,0.2778615674656612,466,414,880
F,Ford Motor Company,Consumer Cyclical,2022-12-31,2023-02-18,0.043988730312687636,0.039136124731921657,0.8415826221877425,514,369,883
NOW,"ServiceNow, Inc.",Technology,2022-12-31,2023-02-18,0.2326597487711633,0.0047016737617422465,0.056497574087150636,363,521,884
ENTG,"Entegris, Inc.",Technology,2022-12-31,2023-02-18,0.1720925248022967,0.025492575748290384,0.2525970987365465,423,461,884
GE,General Electric Company,Industrials,2022-12-31,2023-02-18,0.16555165606492653,0.026917951142719842,0.4020351637764932,432,453,885
GATX,GATX Corporation,Industrials,2022-12-31,2023-02-18,0.045951757117176396,0.038496799812905276,0.5202223829325618,513,376,889
MNRO,"Monro, Inc.",Consumer Cyclical,2022-12-31,2023-02-18,0.1033293682086101,0.03407129348750428,0.41051470588235295,485,407,892
DXCM,"DexCom, Inc.",Healthcare,2022-12-31,2023-02-18,0.2122673303261264,0.009332697757923268,0.04809166957127919,383,512,895
GPN,Global Payments Inc.,Industrials,2022-12-31,2023-02-18,0.17941681645696025,0.015495305784903213,0.72889691342103,415,500,915
LITE,Lumentum Holdings Inc.,Technology,2022-12-31,2023-02-18,0.12081802839273305,0.028548238353846327,0.388015818431912,474,443,917
NOV,NOV Inc.,Energy,2022-12-31,2023-02-18,0.07206385404789054,0.03254494846274241,0.5986155976003691,502,420,922
MGM,MGM Resorts International,Consumer Cyclical,2022-12-31,2023-02-18,0.04828249949341733,0.032971227899907224,0.292584940312213,512,416,928
IBM,International Business Machines Corporation,Technology,2022-12-31,2023-02-18,0.171313014589051,0.013807786519833536,0.1794252703303214,426,506,932
SNCY,"Sun Country Airlines Holdings, Inc.",Industrials,2022-12-31,2023-02-18,0.06340057636887608,0.031793058974510464,0.4317492416582406,506,426,932
GXO,"GXO Logistics, Inc.",Industrials,2022-12-31,2023-02-18,0.07682223387519664,0.030470697254346993,0.44699036918138035,500,433,933
HXL,Hexcel Corporation,Industrials,2022-12-31,2023-02-18,0.09535527529990773,0.027761054412464257,0.2555094130675526,490,446,936
AQUA,Evoqua Water Technologies Corp.,Industrials,2022-12-31,2023-02-18,0.14626075875269698,0.01619658555617627,0.11839398734177214,446,497,943
ZBH,"Zimmer Biomet Holdings, Inc.",Healthcare,2022-12-31,2023-02-18,0.1382657778210306,0.018207998656071176,0.4550766055410018,454,489,943
INFA,Informatica Inc.,Technology,2022-12-31,2023-02-18,0.1656367051815567,0.006667400178565522,0.400387168141593,431,518,949
VVV,Valvoline Inc.,Energy,2022-12-31,2023-02-18,0.09220152545011155,0.022648208777052314,0.04795742232451094,492,474,966
TMUS,"T-Mobile US, Inc.",Communication Services,2022-12-31,2023-02-18,0.07759699624530664,0.022777337519981827,0.3779645128891865,498,473,971
MHK,"Mohawk Industries, Inc.",Consumer Cyclical,2022-12-31,2023-02-18,0.02892914175158016,0.026661113044969743,1.107688931800228,517,454,971
TTD,"The Trade Desk, Inc.",Technology,2022-12-31,2023-02-18,0.13923186894901707,0.004007986718879835,0.0715257048092869,453,523,976
CMP,"Compass Minerals International, Inc.",Basic Materials,2022-12-31,2023-02-18,0.05279985384123504,0.02447077818551344,0.3047327121137812,509,467,976
JJSF,J&J Snack Foods Corp.,Consumer Defensive,2022-12-31,2023-02-18,0.08997282532392775,0.020467928500618498,0.3137103564412012,494,483,977
ILMN,"Illumina, Inc.",Healthcare,2022-12-31,2023-02-18,0.11831550802139038,0.010182988988691478,0.19716754000849737,476,510,986
AZEK,The AZEK Company Inc.,Industrials,2022-12-31,2023-02-18,0.0913166578898916,0.016747205859177258,0.37794354838709676,493,493,986
SITM,SiTime Corporation,Technology,2022-12-31,2023-02-18,0.11464814341316515,0.007886428673173091,0.2708813838550247,480,514,994
ROAD,"Construction Partners, Inc.",Industrials,2022-12-31,2023-02-18,0.0492831345240022,0.017534565255583907,0.29753846153846153,511,490,1001
THS,"TreeHouse Foods, Inc.",Consumer Defensive,2022-12-31,2023-02-18,0.06976744186046512,0.014424932062611754,0.6160827699241959,503,503,1006
CRS,Carpenter Technology Corporation,Industrials,2022-12-31,2023-02-18,0.021124239169351952,0.015176911339056316,0.5419900497512438,519,501,1020
ALK,"Alaska Air Group, Inc.",Industrials,2022-12-31,2023-02-18,0.018739168110918546,0.01574153091369375,0.6095131391322061,522,498,1020
LUMN,"Lumen Technologies, Inc.",Communication Services,2022-12-31,2023-02-18,0.0173413344182262,0.014287570254857216,2.650381679389313,523,504,1027
BKR,Baker Hughes Company,Energy,2022-12-31,2023-02-18,0.0438821268417681,0.007910079140441109,0.4677345537757437,515,513,1028
T,AT&T Inc.,Communication Services,2022-12-31,2023-02-18,0.019215076248278676,0.00976189035831836,0.7036522633744856,521,511,1032
DNUT,"Krispy Kreme, Inc.",Consumer Defensive,2022-12-31,2023-02-18,0.026660623085042856,0.007038877004770621,0.5427154843630817,518,517,1035
MRCY,"Mercury Systems, Inc.",Industrials,2022-12-31,2023-02-18,0.01947012691286881,0.004291982104968642,0.5076723498888065,520,522,1042
RCM,R1 RCM Inc.,Healthcare,2022-12-31,2023-02-18,0.007112375533428165,0.0003953784155850403,0.46344925479063165,524,525,1049
SPB,"Spectrum Brands Holdings, Inc.",Consumer Defensive,2022-12-31,2023-02-18,0.006646905595975927,0.0026092154692165435,0.4778766687857597,525,524,1049
VSAT,"Viasat, Inc.",Technology,2022-12-31,2023-02-18,-0.00039292608570726175,-0.00033876125544466247,0.9984094256259204,526,526,1052
HL,Hecla Mining Company,Basic Materials,2022-12-31,2023-02-18,-0.0008188123784665856,-0.000594138250508519,0.6384912959381045,527,527,1054
AMZN,"Amazon.com, Inc.",Consumer Cyclical,2022-12-31,2023-02-18,-0.014115757916136024,-0.0031176907059581854,0.14669753086419754,529,532,1061
RMBS,Rambus Inc.,Technology,2022-12-31,2023-02-18,-0.02792860863811075,-0.0013320254584745677,0.16380909296539245,534,529,1063
DOCN,"DigitalOcean Holdings, Inc.",Technology,2022-12-31,2023-02-18,-0.03298836104855641,-0.0038135885994768862,0.00888763090857628,535,533,1068
DDOG,"Datadog, Inc.",Technology,2022-12-31,2023-02-18,-0.10594426269957076,-0.0010110192501517569,0.05556944618077261,543,528,1071
SHAK,Shake Shack Inc.,Consumer Cyclical,2022-12-31,2023-02-18,-0.025967286260617253,-0.008148405601651297,0.18287272727272727,532,541,1073
CNX,CNX Resources Corporation,Energy,2022-12-31,2023-02-18,-0.011511166820931257,-0.014649730055642811,1.0992998090388286,528,549,1077
PINS,"Pinterest, Inc.",Communication Services,2022-12-31,2023-02-18,-0.10221366114612129,-0.004985704576542532,0.19660253786328286,542,536,1078
AZTA,"Azenta, Inc.",Healthcare,2022-12-31,2023-02-18,-0.04334964159745136,-0.009296407036092932,0.8951991388589882,536,544,1080
Z,"Zillow Group, Inc.",Communication Services,2022-12-31,2023-02-18,-0.10752688172043011,-0.005458037760357483,0.416910002179124,544,537,1081
CDAY,Ceridian HCM Holding Inc.,Technology,2022-12-31,2023-02-18,-0.15806451612903225,-0.0027639625563790986,0.18289754535752403,551,530,1081
ZG,"Zillow Group, Inc.",Communication Services,2022-12-31,2023-02-18,-0.10752688172043011,-0.005458056673610083,0.42553380782918154,544,538,1082
BLKB,"Blackbaud, Inc.",Technology,2022-12-31,2023-02-18,-0.11486867254991953,-0.00459011178377323,0.2447193311721549,547,535,1082
MSGE,Madison Square Garden Entertainment Corp.,Communication Services,2022-12-31,2023-02-18,-0.020430114474015125,-0.018817171824309368,0.9445330296127563,530,553,1083
LVS,Las Vegas Sands Corp.,Consumer Cyclical,2022-12-31,2023-02-18,-0.0438821268417681,-0.012704106165215051,0.09066404855408781,537,546,1083
RCL,Royal Caribbean Cruises Ltd.,Consumer Cyclical,2022-12-31,2023-02-18,-0.026173930362073255,-0.01727499030764393,0.15390935232096398,533,552,1085
MATW,Matthews International Corporation,Industrials,2022-12-31,2023-02-18,-0.0702667280107703,-0.020294343760405578,0.4231592356687899,539,554,1093
PI,"Impinj, Inc.",Technology,2022-12-31,2023-02-18,-0.18618559469985227,-0.005912212937754592,0.00459301430989383,553,540,1093
INST,"Instructure Holdings, Inc.",Technology,2022-12-31,2023-02-18,-0.47827724423640816,-0.004104789510235734,0.33733031674208147,567,534,1101
GPRE,Green Plains Inc.,Basic Materials,2022-12-31,2023-02-18,-0.05231119853532762,-0.030543062804759744,0.44304272517321014,538,564,1102
WOLF,"Wolfspeed, Inc.",Technology,2022-12-31,2023-02-18,-0.12201117318435754,-0.021402341632549924,0.1843230709777148,548,556,1104
TTWO,"Take-Two Interactive Software, Inc.",Communication Services,2022-12-31,2023-02-18,-0.2916042240587695,-0.014132219763754875,0.5037685539063195,559,548,1107
NET,"Cloudflare, Inc.",Technology,2022-12-31,2023-02-18,-0.41073556889670193,-0.008709225217279586,0.029325058184639253,566,543,1109
ENR,"Energizer Holdings, Inc.",Industrials,2022-12-31,2023-02-18,-0.14002522977112994,-0.026299818537886276,0.05048222650868008,550,560,1110
GFF,Griffon Corporation,Industrials,2022-12-31,2023-02-18,-0.1122415932367353,-0.035194647136151926,0.2554167728778996,546,566,1112
MODN,"Model N, Inc.",Technology,2022-12-31,2023-02-18,-0.7123195529570031,-0.010251498424002081,0.08442808607021518,574,545,1119
CRSR,"Corsair Gaming, Inc.",Technology,2022-12-31,2023-02-18,-0.3260648784276241,-0.028529783540507375,0.2947945205479452,561,561,1122
TENB,"Tenable Holdings, Inc.",Technology,2022-12-31,2023-02-18,-0.7281035126644845,-0.013014421515136314,0.05470319634703197,575,547,1122
INSP,"Inspire Medical Systems, Inc.",Healthcare,2022-12-31,2023-02-18,-0.9928434892069561,-0.0057820479047248005,0.06359815517369634,583,539,1122
IFF,International Flavors & Fragrances Inc.,Basic Materials,2022-12-31,2023-02-18,-0.16110486189226347,-0.0373798360935772,0.7206735751295337,552,571,1123
NEWR,"New Relic, Inc.",Technology,2022-12-31,2023-02-18,-0.3047885144429161,-0.03471482153540402,0.06581004106504174,560,565,1125
BL,"BlackLine, Inc.",Technology,2022-12-31,2023-02-18,-1.0026537357361704,-0.008658837091756843,0.0260457334076966,584,542,1126
TXG,"10x Genomics, Inc.",Healthcare,2022-12-31,2023-02-18,-0.3650916374471279,-0.029026848468282317,0.13553574888587483,564,563,1127
SAVE,"Spirit Airlines, Inc.",Industrials,2022-12-31,2023-02-18,-0.08005869325050305,-0.08159585636942328,0.7517978113600833,540,590,1130
INNV,InnovAge Holding Corp.,Healthcare,2022-12-31,2023-02-18,-0.214884682130698,-0.04674840307078533,0.30013054830287206,555,576,1131
BE,Bloom Energy Corporation,Industrials,2022-12-31,2023-02-18,-0.27348632704847553,-0.05017950739436233,0.07441464452958706,558,578,1136
SMG,The Scotts Miracle-Gro Company,Basic Materials,2022-12-31,2023-02-18,-0.20947202082171407,-0.05652147423342725,0.01237785016286645,554,583,1137
BAX,Baxter International Inc.,Healthcare,2022-12-31,2023-02-18,-0.22529644268774704,-0.055912094925423525,0.28202439024390247,556,582,1138
BILL,"Bill.com Holdings, Inc.",Technology,2022-12-31,2023-02-18,-0.7096077854380359,-0.0369583331268677,0.41163987138263664,572,570,1142
APPF,"AppFolio, Inc.",Technology,2022-12-31,2023-02-18,-1.4592196794031655,-0.01585181789497489,0.05717001216545012,592,551,1143
SGEN,Seagen Inc.,Healthcare,2022-12-31,2023-02-18,-1.1268328014471227,-0.021519396347899077,0.09373038823601797,588,557,1145
PLTR,Palantir Technologies Inc.,Technology,2022-12-31,2023-02-18,-1.1350040857336356,-0.02113691427210623,0.13336956521739132,590,555,1145
RBLX,Roblox Corporation,Communication Services,2022-12-31,2023-02-18,-0.7964101518630585,-0.0360789115138537,0.012377690802348336,578,569,1147
WHR,Whirlpool Corporation,Consumer Cyclical,2022-12-31,2023-02-18,-0.34055829228243023,-0.06739515681334032,0.29833793103448275,562,586,1148
PEGA,Pegasystems Inc.,Technology,2022-12-31,2023-02-18,-0.9842902155781239,-0.03537861434292071,0.032904831018038566,582,567,1149
ROKU,"Roku, Inc.",Communication Services,2022-12-31,2023-02-18,-0.5200344610023796,-0.055803457638240114,0.26411403018446056,570,580,1150
ARWR,"Arrowhead Pharmaceuticals, Inc.",Healthcare,2022-12-31,2023-02-18,-0.8209442006335026,-0.04793502774454542,0.10524444444444445,580,577,1157
PYCR,"Paycor HCM, Inc.",Technology,2022-12-31,2023-02-18,-2.104139922978177,-0.025670323653908103,0.2737281700835232,598,559,1157
RAMP,"LiveRamp Holdings, Inc.",Technology,2022-12-31,2023-02-18,-0.7116606529965678,-0.06710151951907908,0.5605409705648369,573,585,1158
VRNS,"Varonis Systems, Inc.",Technology,2022-12-31,2023-02-18,-1.0185547891415216,-0.04187299916862679,0.17061836809366998,585,573,1158
AFRM,"Affirm Holdings, Inc.",Technology,2022-12-31,2023-02-18,-0.24338984816473677,-0.15977183161421066,0.6620955315870569,557,604,1161
FSLY,"Fastly, Inc.",Technology,2022-12-31,2023-02-18,-0.6143425155752366,-0.0820173674910238,0.4861006289308176,571,591,1162
ANGI,Angi Inc.,Communication Services,2022-12-31,2023-02-18,-0.8132787364726528,-0.07923105978815144,0.8149019607843138,579,589,1168
MIR,"Mirion Technologies, Inc.",Industrials,2022-12-31,2023-02-18,-0.7762463343108504,-0.1023879059835582,0.7978285714285714,577,594,1171
KD,"Kyndryl Holdings, Inc.",Technology,2022-12-31,2023-02-18,-0.3799025295892318,-0.22511831041234162,0.4892466585662212,565,610,1175
FROG,JFrog Ltd.,Technology,2022-12-31,2023-02-18,-2.259841529367375,-0.044445642150499266,0.2686334056399132,600,575,1175
TOST,"Toast, Inc.",Technology,2022-12-31,2023-02-18,-2.526315789473684,-0.04103631439564647,0.10780287474332649,604,572,1176
AYX,"Alteryx, Inc.",Technology,2022-12-31,2023-02-18,-1.4850995237513738,-0.05760196702905141,0.03729294135203701,593,584,1177
INTA,"Intapp, Inc.",Technology,2022-12-31,2023-02-18,-2.9013050056739376,-0.03558171714765234,0.10195021811649987,609,568,1177
QS,QuantumScape Corporation,Consumer Cyclical,2022-12-31,2023-02-18,-1.0511242876944402,-0.11471253117060644,0.3086323957322987,587,598,1185
SNAP,Snap Inc.,Communication Services,2022-12-31,2023-02-18,-1.743359565587799,-0.08322525615884455,0.1582046332046332,596,592,1188
HOOD,"Robinhood Markets, Inc.",Technology,2022-12-31,2023-02-18,-0.5106060606060606,-0.5092592294092843,0.7528502415458938,569,621,1190
TWST,Twist Bioscience Corporation,Healthcare,2022-12-31,2023-02-18,-0.848710667629072,-0.23344862869540214,0.5850355239786856,581,612,1193
TWLO,Twilio Inc.,Communication Services,2022-12-31,2023-02-18,-2.2392436158913642,-0.10262843553254684,0.8085467666619499,599,595,1194
ADPT,Adaptive Biotechnologies Corporation,Healthcare,2022-12-31,2023-02-18,-1.1308233394833949,-0.19475297184713874,0.3414736842105263,589,607,1196
ENTA,"Enanta Pharmaceuticals, Inc.",Healthcare,2022-12-31,2023-02-18,-1.5065473938565552,-0.1427363210416712,0.28451510961880305,595,601,1196
XM,Qualtrics International Inc.,Technology,2022-12-31,2023-02-18,-2.334999109607337,-0.10992868160180265,0.20012484394506866,601,596,1197
KN,Knowles Corporation,Technology,2022-12-31,2023-02-18,-1.0337162837162837,-0.2579269353700582,0.6219053051911009,586,613,1199
UBER,"Uber Technologies, Inc.",Technology,2022-12-31,2023-02-18,-2.3743301178992495,-0.11091829548289674,0.10583836640782283,603,597,1200
IRBT,iRobot Corporation,Consumer Cyclical,2022-12-31,2023-02-18,-1.163654054682054,-0.23005795129387693,0.4211459092012625,591,611,1202
FRSH,Freshworks Inc.,Technology,2022-12-31,2023-02-18,-4.082570893759949,-0.07142742411526369,0.23134517766497462,615,588,1203
CFLT,"Confluent, Inc.",Technology,2022-12-31,2023-02-18,-7.016378029177155,-0.07011279016916976,0.10583596214511042,617,587,1204
OM,"Outset Medical, Inc.",Healthcare,2022-12-31,2023-02-18,-2.766628988783584,-0.1503647208561632,0.19851388345717635,607,602,1209
CRNC,Cerence Inc.,Technology,2022-12-31,2023-02-18,-2.8648410141476397,-0.1524811435606377,0.6354291769692688,608,603,1211
REPL,"Replimune Group, Inc.",Healthcare,2022-12-31,2023-02-18,-2.7132006147215204,-0.17748239959559844,0.4235294117647059,606,606,1212
COUR,"Coursera, Inc.",Consumer Defensive,2022-12-31,2023-02-18,-3.6868317202760204,-0.12924491778913103,0.359954233409611,612,600,1212
IMVT,"Immunovant, Inc.",Healthcare,2022-12-31,2023-02-18,-63.200264375413084,-0.09679142195795974,0.17491821155943293,621,593,1214
UDMY,"Udemy, Inc.",Consumer Defensive,2022-12-31,2023-02-18,-5.954472057028081,-0.11779350420222152,0.22262910798122065,616,599,1215
PTON,"Peloton Interactive, Inc.",Consumer Cyclical,2022-12-31,2023-02-18,-1.859231411862991,-0.4336676262812457,0.0065441176470588235,597,620,1217
FIS,"Fidelity National Information Services, Inc.",Technology,2022-12-31,2023-02-18,-2.363957597173145,-0.27281604815927335,0.6604172661870503,602,615,1217
IAC,IAC Inc.,Communication Services,2022-12-31,2023-02-18,-2.619375376886281,-0.2723668418920899,1.27210676835081,605,614,1219
DCPH,"Deciphera Pharmaceuticals, Inc.",Healthcare,2022-12-31,2023-02-18,-3.9304351567037363,-0.2158691582584313,0.34043126684636116,613,609,1222
LYFT,"Lyft, Inc.",Technology,2022-12-31,2023-02-18,-3.1530081833590202,-0.27327065346742707,0.09308510638297873,610,616,1226
ME,23andMe Holding Co.,Healthcare,2022-12-31,2023-02-18,-3.276741764961541,-0.301520429117484,0.5724738675958188,611,618,1229
SWI,SolarWinds Corporation,Technology,2022-12-31,2023-02-18,-7.337096845945104,-0.2897945879054353,0.9482062780269058,618,617,1235
OSCR,"Oscar Health, Inc.",Healthcare,2022-12-31,2023-02-18,-9.809177130643869,-0.38969396370861625,0.7362500000000001,619,619,1238
