ticker,sector,country,longName,marketCap,currency,regularMarketPrice,asOfDate,EBIT,TotalAssets,TotalDebt,LongTermDebt,CurrentAssets,CurrentLiabilities,GoodwillAndOtherIntangibleAssets,NetPPE,CashCashEquivalentsAndShortTermInvestments,bookValue
1102.TW,,,,,,,2021-12-31,5774296000.0,317056069000.0,105040560000.0,52182183000.0,105955718000.0,71082366000.0,6969037000.0,46187896000.0,76338628000.0,
1103.TW,,,,,,,2021-12-31,157753000.0,40247651000.0,10692846000.0,7908939000.0,11156660000.0,2789328000.0,7580000.0,6934844000.0,10693365000.0,
1104.TW,,,,,,,2021-12-31,413838000.0,25096822000.0,3360665000.0,,5004661000.0,4245043000.0,8404000.0,7172038000.0,3012194000.0,
1108.TW,,,,,,,2021-12-31,129614000.0,8041710000.0,1867526000.0,120000000.0,5118007000.0,3032387000.0,,2457622000.0,450442000.0,
1109.TW,,,,,,,2021-12-31,601822000.0,11702345000.0,118189000.0,,6746334000.0,1749952000.0,9296000.0,2893313000.0,3828823000.0,
1110.TW,,,,,,,2021-12-31,23767000.0,10958500000.0,1612402000.0,,2053373000.0,1683431000.0,0.0,1558800000.0,829814000.0,
1201.TW,,,,,,,2021-12-31,192388000.0,17959094000.0,5515345000.0,3507046000.0,5926571000.0,5934906000.0,164456000.0,9946039000.0,1292071000.0,
1203.TW,,,,,,,2021-12-31,175945000.0,9582739000.0,1036876000.0,0.0,4494013000.0,1877179000.0,,2982137000.0,2521651000.0,
1210.TW,,,,,,,2021-12-31,796667000.0,56732130000.0,19067566000.0,1153218000.0,26595764000.0,26578229000.0,158024000.0,22283283000.0,6394347000.0,
1213.TW,,,,,,,2021-12-31,-14517000.0,1123525000.0,152098000.0,151867000.0,178366000.0,495627000.0,,668219000.0,7062000.0,
1215.TW,,,,,,,2021-12-31,351894000.0,23177472000.0,12330614000.0,7129750000.0,6967768000.0,7007632000.0,3530000.0,12843083000.0,187008000.0,
1216.TW,,,,,,,2021-12-31,7486056000.0,514039630000.0,177837038000.0,60356228000.0,187570349000.0,176162257000.0,17179317000.0,211639350000.0,106532309000.0,
1217.TW,,,,,,,2021-12-31,-11713000.0,13836774000.0,4528857000.0,3438935000.0,2404150000.0,2719358000.0,8319000.0,3083516000.0,733344000.0,
1218.TW,,,,,,,2021-12-31,169431000.0,10638276000.0,2090506000.0,1050000000.0,4581044000.0,2361918000.0,1869000.0,1961794000.0,1770612000.0,
1219.TW,,,,,,,2021-12-31,69900000.0,9150195000.0,3664674000.0,1554001000.0,4890899000.0,2645949000.0,30816000.0,3785152000.0,1011819000.0,
1220.TW,,,,,,,2021-12-31,44039000.0,3291690000.0,157754000.0,31127000.0,1876955000.0,480298000.0,,1053923000.0,462455000.0,
1225.TW,,,,,,,2021-12-31,159307000.0,9109168000.0,4329364000.0,935000000.0,5263532000.0,3942989000.0,,3484954000.0,1206148000.0,
1227.TW,,,,,,,2021-12-31,645163000.0,28289140000.0,2811545000.0,,20451335000.0,8984180000.0,102981000.0,4985802000.0,7173530000.0,
1229.TW,,,,,,,2021-12-31,499771000.0,71670249000.0,12006104000.0,1200000000.0,11419913000.0,13254287000.0,106153000.0,5127015000.0,3555205000.0,
1231.TW,,,,,,,2021-12-31,342299000.0,9208709000.0,1524189000.0,1233242000.0,4246669000.0,3237797000.0,4449000.0,4178179000.0,624403000.0,
1232.TW,,,,,,,2021-12-31,449220000.0,7003498000.0,348538000.0,,5856400000.0,1844303000.0,1018000.0,1052901000.0,1927676000.0,
1233.TW,,,,,,,2021-12-31,29617000.0,2309476000.0,566413000.0,0.0,769113000.0,573718000.0,3689000.0,1154714000.0,256646000.0,
1234.TW,,,,,,,2021-12-31,313847000.0,22788396000.0,1217510000.0,,7606526000.0,2151465000.0,4086000.0,6115084000.0,1507595000.0,
1235.TW,,,,,,,2021-12-31,-507000.0,4677445000.0,766403000.0,398000000.0,2794555000.0,610254000.0,,170464000.0,2702007000.0,
1236.TW,,,,,,,2021-12-31,-151000.0,3456496000.0,780050000.0,550000000.0,887221000.0,724531000.0,22829000.0,1388174000.0,216877000.0,
1256.TW,,,,,,,2021-12-31,-2166000.0,4821556000.0,84250000.0,,2446779000.0,629231000.0,39093000.0,1768133000.0,1640941000.0,
1301.TW,,,,,,,2021-12-31,20980660000.0,543678922000.0,56428953000.0,40301161000.0,189262221000.0,74541216000.0,623165000.0,98477025000.0,126825723000.0,
1303.TW,,,,,,,2021-12-31,23576993000.0,668695386000.0,140426973000.0,86110855000.0,255907403000.0,113979077000.0,1928131000.0,185723026000.0,120355295000.0,
1304.TW,,,,,,,2021-12-31,3439538000.0,84825213000.0,13681339000.0,10443096000.0,35367040000.0,15549577000.0,314194000.0,25198352000.0,16602677000.0,
1305.TW,,,,,,,2021-12-31,818177000.0,16975315000.0,1243286000.0,882575000.0,7888292000.0,2992501000.0,,7822491000.0,2352042000.0,
1307.TW,,,,,,,2021-12-31,29586000.0,14740117000.0,3841123000.0,2398000000.0,8373259000.0,3520982000.0,63627000.0,5429306000.0,4319142000.0,
1308.TW,,,,,,,2021-12-31,1154331000.0,18978546000.0,1897041000.0,1369746000.0,4098928000.0,1942077000.0,,3384733000.0,1926996000.0,
1309.TW,,,,,,,2021-12-31,571486000.0,10744659000.0,692938000.0,300000000.0,7290336000.0,2343160000.0,4094000.0,2080957000.0,3298067000.0,
1310.TW,,,,,,,2021-12-31,-284567000.0,9299190000.0,431745000.0,68686000.0,2697122000.0,1614174000.0,7932000.0,3862973000.0,730519000.0,
1312.TW,,,,,,,2021-09-30,1777208000.0,43784069000.0,1728393000.0,603661000.0,13342823000.0,3535132000.0,965753000.0,9024575000.0,8438389000.0,
1313.TW,,,,,,,2021-12-31,-1022040000.0,53771844000.0,18062154000.0,14477963000.0,22296269000.0,8647824000.0,10797000.0,17246712000.0,5566586000.0,
1314.TW,,,,,,,2021-12-31,517495000.0,135455208000.0,33053777000.0,18589685000.0,57355445000.0,20737381000.0,172308000.0,26198105000.0,8017015000.0,
1315.TW,,,,,,,2021-12-31,8970000.0,12754724000.0,414467000.0,0.0,9031955000.0,971450000.0,,1831838000.0,7786139000.0,
1316.TW,,,,,,,2021-12-31,-69138000.0,10599150000.0,4127219000.0,863958000.0,7941429000.0,4229506000.0,65579000.0,1591290000.0,1594640000.0,
1319.TW,,,,,,,2021-12-31,214980000.0,34453458000.0,6843082000.0,4567615000.0,8643178000.0,6907667000.0,1260953000.0,19164743000.0,1484924000.0,
1321.TW,,,,,,,2021-12-31,18797000.0,12980183000.0,3730795000.0,3145798000.0,2656901000.0,1474042000.0,,3643122000.0,850454000.0,
1323.TW,,,,,,,2021-12-31,113055000.0,5728613000.0,1935252000.0,1778500000.0,2893434000.0,849922000.0,29451000.0,2408875000.0,1171839000.0,
1324.TW,,,,,,,2021-12-31,10844000.0,1245313000.0,132570000.0,,857274000.0,268769000.0,330000.0,350511000.0,349402000.0,
1325.TW,,,,,,,2021-12-31,8078000.0,3217382000.0,42000.0,,1903915000.0,105648000.0,,1220715000.0,1629325000.0,
1326.TW,,,,,,,2021-12-31,5498448000.0,598345271000.0,99136776000.0,62677183000.0,246631027000.0,84917037000.0,5884000.0,132475356000.0,145370955000.0,
1337.TW,,,,,,,2021-12-31,-103557000.0,5507928000.0,0.0,,3064449000.0,145918000.0,,2353622000.0,2819135000.0,
1338.TW,,,,,,,2021-12-31,172113000.0,11708434000.0,2838372000.0,1201872000.0,6569101000.0,3546847000.0,,4461890000.0,2429056000.0,
1339.TW,,,,,,,2021-12-31,72617000.0,5051865000.0,947012000.0,540190000.0,1825688000.0,916228000.0,11147000.0,2970903000.0,952059000.0,
1340.TW,,,,,,,2021-12-31,-192504000.0,5153271000.0,0.0,,2877880000.0,163534000.0,,2275391000.0,2548075000.0,
1341.TW,,,,,,,2021-12-31,97953000.0,2367518000.0,786058000.0,182597000.0,1620230000.0,876145000.0,1699000.0,719879000.0,339500000.0,
1342.TW,,,,,,,2021-12-31,104707000.0,2402395000.0,428086000.0,282145000.0,1498076000.0,524668000.0,800000.0,885648000.0,252247000.0,
1402.TW,,,,,,,2021-12-31,3386886000.0,635327585000.0,256603775000.0,199907383000.0,144073658000.0,124141318000.0,87572942000.0,182372420000.0,47233384000.0,
1409.TW,,,,,,,2021-12-31,1604350000.0,196031587000.0,43091557000.0,15788108000.0,131442733000.0,129634890000.0,293892000.0,21141086000.0,24452820000.0,
1410.TW,,,,,,,2021-12-31,27257000.0,1422922000.0,921000.0,,669199000.0,71608000.0,,192595000.0,546299000.0,
1413.TW,,,,,,,2021-12-31,48410000.0,2833785000.0,1000238000.0,720722000.0,904701000.0,742661000.0,,1171314000.0,158558000.0,
1414.TW,,,,,,,2021-12-31,42115000.0,4601845000.0,544500000.0,,1257647000.0,685204000.0,267000.0,1550848000.0,672139000.0,
1416.TW,,,,,,,2021-12-31,3501000.0,3875923000.0,180969000.0,71580000.0,1264754000.0,158965000.0,82916000.0,136279000.0,529773000.0,
1417.TW,,,,,,,2021-12-31,-65075000.0,3984631000.0,733513000.0,,2410752000.0,1156292000.0,67403000.0,911646000.0,1367937000.0,
1418.TW,,,,,,,2021-12-31,70891000.0,3555900000.0,1859117000.0,1842000000.0,378103000.0,15259000.0,,650764000.0,356257000.0,
1419.TW,,,,,,,2021-12-31,73651000.0,16135125000.0,4109730000.0,,5002889000.0,5123044000.0,2457000.0,567775000.0,3352333000.0,
1423.TW,,,,,,,2021-12-31,16240000.0,3423248000.0,,,904309000.0,40794000.0,,334848000.0,518863000.0,
1432.TW,,,,,,,2021-12-31,-4374000.0,4892868000.0,3415592000.0,224719000.0,1038369000.0,1173691000.0,85414000.0,2928231000.0,564789000.0,
1434.TW,,,,,,,2021-12-31,472274000.0,81342188000.0,14541766000.0,9700000000.0,17693888000.0,7905048000.0,,12568576000.0,5023501000.0,
1435.TW,,,,,,,2021-12-31,59013000.0,1421818000.0,2814000.0,,556531000.0,2939000.0,,92659000.0,550691000.0,
1436.TW,,,,,,,2021-12-31,-31773000.0,13691109000.0,9279776000.0,2633603000.0,11377727000.0,7998666000.0,13370000.0,75287000.0,1430000000.0,
1437.TW,,,,,,,2021-12-31,138004000.0,11947292000.0,3971225000.0,3635000000.0,1795540000.0,599632000.0,,1368000.0,1554260000.0,
1438.TW,,,,,,,2021-12-31,25499000.0,5243213000.0,3874702000.0,2000000000.0,3208438000.0,1936294000.0,,32246000.0,200001000.0,
1439.TW,,,,,,,2021-12-31,59340000.0,2891266000.0,607867000.0,,1630236000.0,623722000.0,0.0,238000.0,773473000.0,
1440.TW,,,,,,,2021-12-31,463844000.0,50196558000.0,13395904000.0,7489047000.0,13345571000.0,10163487000.0,604000.0,21556865000.0,5386160000.0,
1441.TW,,,,,,,2021-12-31,-109349000.0,2374065000.0,1099568000.0,181870000.0,862515000.0,1256626000.0,5915000.0,1103037000.0,174234000.0,
1442.TW,,,,,,,2021-12-31,-600000.0,14090974000.0,7655257000.0,6813011000.0,13379408000.0,1048229000.0,806000.0,24352000.0,262987000.0,
1443.TW,,,,,,,2021-12-31,203554000.0,6397558000.0,3745088000.0,3280289000.0,731367000.0,1499357000.0,,4245723000.0,364433000.0,
1444.TW,,,,,,,2021-12-31,473670000.0,20704529000.0,5689357000.0,650000000.0,8045476000.0,7653024000.0,65995000.0,7100114000.0,2401111000.0,
1445.TW,,,,,,,2021-12-31,-1104000.0,2010401000.0,48571000.0,,855153000.0,201931000.0,,815253000.0,180563000.0,
1446.TW,,,,,,,2021-12-31,-6366000.0,4339468000.0,2743924000.0,66452000.0,3721763000.0,2692407000.0,,53915000.0,245785000.0,
1447.TW,,,,,,,2021-12-31,6365000.0,19756797000.0,5513219000.0,1793750000.0,8970215000.0,6954021000.0,5352000.0,5495359000.0,2031275000.0,
1449.TW,,,,,,,2021-12-31,35498000.0,6356309000.0,3712363000.0,1697699000.0,2728410000.0,2167478000.0,,992195000.0,468793000.0,
1451.TW,,,,,,,2021-12-31,97408000.0,9050041000.0,373998000.0,210000000.0,5796005000.0,972103000.0,,1464450000.0,1547454000.0,
1452.TW,,,,,,,2021-12-31,72664000.0,3195884000.0,35062000.0,,2321927000.0,315990000.0,636000.0,584996000.0,1535279000.0,
1453.TW,,,,,,,2021-12-31,108122000.0,1893590000.0,173845000.0,,1635278000.0,345413000.0,,99658000.0,316362000.0,
1454.TW,,,,,,,2021-12-31,1325000.0,2053953000.0,243926000.0,,1215791000.0,375547000.0,19084000.0,728724000.0,510737000.0,
1455.TW,,,,,,,2021-12-31,88352000.0,10776815000.0,2054317000.0,,4897722000.0,3139025000.0,2133000.0,4789711000.0,987555000.0,
1456.TW,,,,,,,2021-12-31,158980000.0,7125566000.0,4847901000.0,2194860000.0,4634888000.0,3049030000.0,,75728000.0,314938000.0,
1457.TW,,,,,,,2021-12-31,61017000.0,18519803000.0,9754287000.0,8149874000.0,2858222000.0,2142960000.0,,3379493000.0,1192237000.0,
1459.TW,,,,,,,2021-12-31,64239000.0,6500355000.0,2795506000.0,1297670000.0,3349558000.0,1701249000.0,,2301696000.0,2821022000.0,
1460.TW,,,,,,,2021-12-31,139376000.0,14607752000.0,5264134000.0,717500000.0,8451043000.0,6384907000.0,,5936085000.0,568491000.0,
1463.TW,,,,,,,2021-12-31,53808000.0,2741683000.0,1217000.0,,1458790000.0,339974000.0,,432667000.0,1036870000.0,
1464.TW,,,,,,,2021-12-31,57013000.0,19131909000.0,11817317000.0,4651851000.0,11745903000.0,8960845000.0,26636000.0,5913638000.0,4717632000.0,
1465.TW,,,,,,,2021-12-31,-3994000.0,1825244000.0,8107000.0,,621642000.0,139434000.0,384000.0,422102000.0,364920000.0,
1466.TW,,,,,,,2021-12-31,47271000.0,3684929000.0,1266194000.0,641759000.0,1768408000.0,1152412000.0,2752000.0,1752920000.0,420518000.0,
1467.TW,,,,,,,2021-12-31,79397000.0,8618265000.0,3881760000.0,1691168000.0,4553513000.0,3413041000.0,248238000.0,2265705000.0,1515559000.0,
1468.TW,,,,,,,2021-12-31,13452000.0,3432779000.0,1673401000.0,510321000.0,2201849000.0,1622540000.0,12494000.0,698379000.0,891280000.0,
1470.TW,,,,,,,2021-12-31,21307000.0,1254881000.0,106407000.0,,799769000.0,244309000.0,308000.0,426130000.0,358375000.0,
1471.TW,,,,,,,2021-12-31,40007000.0,1188370000.0,72384000.0,0.0,791140000.0,158159000.0,,91911000.0,528907000.0,
1472.TW,,,,,,,2021-12-31,-23356000.0,1843953000.0,1078561000.0,10113000.0,1031061000.0,1126296000.0,478252000.0,126600000.0,783651000.0,
1473.TW,,,,,,,2021-12-31,-28734000.0,5213244000.0,1223309000.0,,3282834000.0,1947770000.0,15893000.0,1158196000.0,720825000.0,
1474.TW,,,,,,,2021-12-31,26580000.0,4262799000.0,1408270000.0,521023000.0,2561412000.0,1536486000.0,11303000.0,1502825000.0,672070000.0,
1475.TW,,,,,,,2021-12-31,48931000.0,889252000.0,1921000.0,1921000.0,869532000.0,182352000.0,,271000.0,556489000.0,
1476.TW,,,,,,,2021-12-31,1612670000.0,29278767000.0,2676970000.0,1036933000.0,15823176000.0,7026763000.0,18655000.0,12149345000.0,1759847000.0,
1477.TW,,,,,,,2021-12-31,865685000.0,22222828000.0,2409201000.0,163371000.0,16159851000.0,7706800000.0,33963000.0,5410276000.0,9289296000.0,
1503.TW,,,,,,,2021-12-31,461525000.0,45195290000.0,2933328000.0,654583000.0,19904061000.0,14631221000.0,,7148523000.0,3525350000.0,
1504.TW,,,,,,,2021-12-31,899526000.0,136612450000.0,16735558000.0,8603574000.0,49333671000.0,23074011000.0,4439567000.0,21972925000.0,20650830000.0,
1506.TW,,,,,,,2021-12-31,73015000.0,2432163000.0,836147000.0,478724000.0,1154898000.0,779860000.0,0.0,938701000.0,339317000.0,
1512.TW,,,,,,,2021-12-31,-49125000.0,1755972000.0,1101507000.0,739780000.0,707174000.0,774834000.0,853000.0,910303000.0,175198000.0,
1513.TW,,,,,,,2021-12-31,764512000.0,34264946000.0,14267521000.0,10752616000.0,15308932000.0,9498532000.0,274662000.0,15476204000.0,2660545000.0,
1514.TW,,,,,,,2021-12-31,87276000.0,8192043000.0,2142318000.0,216458000.0,5720305000.0,4123893000.0,14581000.0,1363490000.0,532939000.0,
1515.TW,,,,,,,2021-12-31,307019000.0,12521433000.0,2859178000.0,593333000.0,8517980000.0,7636914000.0,62399000.0,3389303000.0,4574815000.0,
1516.TW,,,,,,,2022-03-31,22394000.0,681540000.0,,,637446000.0,206406000.0,,44088000.0,154218000.0,
1517.TW,,,,,,,2021-12-31,114921000.0,5679622000.0,13462000.0,,4073171000.0,1513513000.0,86721000.0,1227392000.0,1024868000.0,
1519.TW,,,,,,,2021-12-31,206279000.0,9922390000.0,2593149000.0,1201800000.0,7398719000.0,4897640000.0,41266000.0,2085422000.0,229689000.0,
1521.TW,,,,,,,2021-12-31,33452000.0,3394463000.0,558808000.0,,2038360000.0,1482328000.0,13716000.0,1003804000.0,82641000.0,
1522.TW,,,,,,,2021-12-31,178162000.0,24054607000.0,11065974000.0,6217336000.0,9889193000.0,7554959000.0,71843000.0,10009335000.0,1068058000.0,
1524.TW,,,,,,,2021-12-31,27171000.0,5403257000.0,2640282000.0,1907865000.0,1850449000.0,1144682000.0,,3288284000.0,604699000.0,
1525.TW,,,,,,,2021-12-31,113472000.0,5323884000.0,406721000.0,68750000.0,1303879000.0,486118000.0,3448000.0,521704000.0,805981000.0,
1526.TW,,,,,,,2021-12-31,87133000.0,2829038000.0,898105000.0,260000000.0,2197514000.0,1267393000.0,1731000.0,567526000.0,805174000.0,
1527.TW,,,,,,,2021-12-31,118961000.0,5131540000.0,7006000.0,,4099549000.0,836041000.0,16761000.0,924117000.0,2235540000.0,
1528.TW,,,,,,,2021-12-31,22632000.0,5101589000.0,1718625000.0,453423000.0,3606327000.0,2232757000.0,103177000.0,1145177000.0,1113124000.0,
1529.TW,,,,,,,2021-12-31,25304000.0,2547046000.0,657518000.0,336025000.0,987251000.0,439301000.0,27796000.0,730609000.0,704719000.0,
1530.TW,,,,,,,2021-12-31,64918000.0,6207280000.0,2217998000.0,62672000.0,3859310000.0,2825233000.0,12043000.0,2019078000.0,1110069000.0,
1531.TW,,,,,,,2021-12-31,48846000.0,4883023000.0,241347000.0,,3477671000.0,947636000.0,28131000.0,1036478000.0,1142162000.0,
1532.TW,,,,,,,2021-12-31,964546000.0,49972033000.0,23048951000.0,10536188000.0,32431752000.0,20087783000.0,400544000.0,12623810000.0,7234895000.0,
1533.TW,,,,,,,2021-12-31,2526000.0,7716585000.0,3067612000.0,1314640000.0,4303953000.0,2778594000.0,306335000.0,2542797000.0,1765178000.0,
1535.TW,,,,,,,2021-12-31,114506000.0,6863041000.0,103464000.0,,4748877000.0,3221457000.0,3956000.0,741056000.0,2295124000.0,
1536.TW,,,,,,,2021-12-31,42574000.0,21103619000.0,8941601000.0,5173125000.0,7243670000.0,6733378000.0,6693000.0,13069103000.0,1108581000.0,
1537.TW,,,,,,,2021-12-31,191611000.0,5254878000.0,44776000.0,,4125125000.0,1057958000.0,613000.0,797929000.0,1478445000.0,
1538.TW,,,,,,,2021-12-31,-86940000.0,312246000.0,92872000.0,13021000.0,227601000.0,136333000.0,96000.0,71364000.0,87864000.0,
1539.TW,,,,,,,2021-12-31,40900000.0,3934638000.0,2003549000.0,395769000.0,2659841000.0,2159876000.0,1080000.0,1220222000.0,977758000.0,
1540.TW,,,,,,,2021-12-31,-8551000.0,1520339000.0,29619000.0,17333000.0,1149296000.0,201089000.0,,312439000.0,847699000.0,
1541.TW,,,,,,,2021-12-31,104841000.0,5195985000.0,2404812000.0,,4054097000.0,2981838000.0,39681000.0,1007151000.0,103832000.0,
1558.TW,,,,,,,2021-12-31,-21264000.0,7966074000.0,1400419000.0,240000000.0,5544852000.0,2568536000.0,37636000.0,2139749000.0,2752780000.0,
1560.TW,,,,,,,2022-03-31,368795000.0,9772706000.0,2300537000.0,2250000000.0,4247617000.0,1845471000.0,7388000.0,4882894000.0,1576388000.0,
1568.TW,,,,,,,2021-12-31,36952000.0,3214552000.0,1157834000.0,774718000.0,1664247000.0,929403000.0,14429000.0,1461111000.0,564248000.0,
1582.TW,,,,,,,2021-12-31,41656000.0,11792293000.0,2807470000.0,1360473000.0,8041462000.0,3878934000.0,377577000.0,2893221000.0,2544990000.0,
1583.TW,,,,,,,2021-12-31,174067000.0,13088087000.0,4915173000.0,166735000.0,8697846000.0,5910690000.0,162692000.0,3606670000.0,3486886000.0,
1587.TW,,,,,,,2021-12-31,27220000.0,3026406000.0,1222023000.0,123827000.0,1792126000.0,1447516000.0,,1157013000.0,398233000.0,
1589.TW,,,,,,,2021-12-31,17363000.0,18469856000.0,7657719000.0,3977776000.0,9305056000.0,5443845000.0,137958000.0,7803024000.0,3984528000.0,
1590.TW,,,,,,,2021-12-31,2106964000.0,47678656000.0,7733845000.0,2805726000.0,19314204000.0,9219440000.0,51519000.0,25476770000.0,6222372000.0,
1597.TW,,,,,,,2021-12-31,110547000.0,3797199000.0,1142592000.0,624585000.0,1814156000.0,746932000.0,79576000.0,1834563000.0,872362000.0,
1598.TW,,,,,,,2021-12-31,31379000.0,12176627000.0,4888876000.0,1937051000.0,6967059000.0,5298005000.0,1271421000.0,3242063000.0,1505030000.0,
1603.TW,,,,,,,2021-12-31,71230000.0,8743442000.0,1361998000.0,,4176153000.0,2160549000.0,850000.0,3298747000.0,1947890000.0,
1604.TW,,,,,,,2021-12-31,81005000.0,13033851000.0,989046000.0,290000000.0,3721124000.0,2581812000.0,59466000.0,5252991000.0,739688000.0,
1605.TW,,,,,,,2021-12-31,7583615000.0,183034898000.0,40056811000.0,32285952000.0,69320640000.0,38852513000.0,173430000.0,43277998000.0,10934378000.0,
1608.TW,,,,,,,2021-12-31,359983000.0,13666035000.0,2836028000.0,,6829616000.0,3612967000.0,445000.0,3439236000.0,1311370000.0,
1609.TW,,,,,,,2021-12-31,883508000.0,34316540000.0,18347648000.0,9900426000.0,16177058000.0,11435227000.0,122000.0,11032600000.0,6546490000.0,
1611.TW,,,,,,,2021-12-31,257523000.0,5694130000.0,666637000.0,0.0,2619367000.0,1115663000.0,,862993000.0,1510945000.0,
1612.TW,,,,,,,2021-12-31,2220671000.0,8740782000.0,7545000.0,,5921644000.0,741542000.0,,1382962000.0,3284373000.0,
1614.TW,,,,,,,2021-12-31,109610000.0,6901569000.0,31681000.0,,2530065000.0,929480000.0,,1849851000.0,1016939000.0,
1615.TW,,,,,,,2021-12-31,135153000.0,3547914000.0,724933000.0,186842000.0,1716667000.0,865695000.0,14000.0,1117732000.0,581986000.0,
1616.TW,,,,,,,2021-12-31,50192000.0,3126997000.0,1043591000.0,130000000.0,2234998000.0,1376858000.0,,710517000.0,462482000.0,
1617.TW,,,,,,,2021-12-31,36355000.0,3615245000.0,1272226000.0,110342000.0,2358417000.0,1485701000.0,,1192957000.0,975033000.0,
1618.TW,,,,,,,2021-12-31,79043000.0,4583435000.0,12806000.0,,1993434000.0,298452000.0,,1357871000.0,455715000.0,
1626.TW,,,,,,,2021-12-31,-134431000.0,9949720000.0,2911612000.0,356844000.0,6476330000.0,6028926000.0,5556000.0,3106479000.0,894421000.0,
1701.TW,,,,,,,2021-12-31,196904000.0,12786876000.0,3055014000.0,1844000000.0,5567045000.0,2807463000.0,15936000.0,4225196000.0,946092000.0,
1702.TW,,,,,,,2021-12-31,597113000.0,29413868000.0,12089066000.0,8538356000.0,16011182000.0,6561148000.0,105417000.0,12833012000.0,9729803000.0,
1707.TW,,,,,,,2021-12-31,802791000.0,14060879000.0,271758000.0,87375000.0,4985297000.0,3294298000.0,33340000.0,7417423000.0,3897434000.0,
1708.TW,,,,,,,2021-12-31,423882000.0,12126036000.0,4638154000.0,2654911000.0,2591857000.0,2915148000.0,,8914878000.0,1133300000.0,
1709.TW,,,,,,,2021-12-31,-20198000.0,11587688000.0,1949575000.0,3281000.0,5533678000.0,3150881000.0,94626000.0,4198509000.0,898359000.0,
1710.TW,,,,,,,2021-12-31,49872000.0,33776171000.0,13610889000.0,8129398000.0,6293412000.0,8678751000.0,46382000.0,15027872000.0,2550601000.0,
1711.TW,,,,,,,2021-12-31,98252000.0,14136270000.0,3566918000.0,1000000000.0,7036850000.0,3417561000.0,115756000.0,5175990000.0,1540311000.0,
1712.TW,,,,,,,2021-12-31,254889000.0,16012080000.0,3672305000.0,375000000.0,8199507000.0,6371686000.0,,7297819000.0,1784727000.0,
1713.TW,,,,,,,2021-12-31,9621000.0,2582254000.0,6811000.0,,732911000.0,46231000.0,,331872000.0,315961000.0,
1714.TW,,,,,,,2021-12-31,351004000.0,24009123000.0,2782821000.0,1462778000.0,13441725000.0,4401408000.0,374540000.0,6553640000.0,7257405000.0,
1717.TW,,,,,,,2021-12-31,839017000.0,60535689000.0,18232930000.0,12505668000.0,37041238000.0,19523383000.0,261442000.0,17507746000.0,4443851000.0,
1718.TW,,,,,,,2021-12-31,1221030000.0,801138255000.0,48084467000.0,19902200000.0,604324432000.0,704776403000.0,253813000.0,25977164000.0,65967649000.0,
1720.TW,,,,,,,2021-12-31,268820000.0,10104021000.0,1969917000.0,50000000.0,5784251000.0,2716097000.0,232600000.0,2955345000.0,2989234000.0,
1721.TW,,,,,,,2021-12-31,44105000.0,4091352000.0,928311000.0,528457000.0,2030289000.0,1066756000.0,13846000.0,1769059000.0,383297000.0,
1722.TW,,,,,,,2021-12-31,885403000.0,79343199000.0,213044000.0,,7835686000.0,3927560000.0,124595000.0,15244224000.0,2955068000.0,
1723.TW,,,,,,,2021-12-31,289552000.0,11732869000.0,2637176000.0,1100000000.0,3693120000.0,2250169000.0,,4584197000.0,1674832000.0,
1725.TW,,,,,,,2021-12-31,90933000.0,7032885000.0,1837798000.0,,5985270000.0,2620557000.0,6055000.0,867725000.0,4461839000.0,
1726.TW,,,,,,,2021-12-31,211986000.0,11237793000.0,57720000.0,,7261067000.0,1829159000.0,4729000.0,3530129000.0,2112916000.0,
1727.TW,,,,,,,2021-12-31,50157000.0,2592677000.0,416126000.0,275952000.0,1230198000.0,822293000.0,0.0,1273388000.0,202387000.0,
1730.TW,,,,,,,2021-12-31,81214000.0,2657969000.0,163084000.0,156894000.0,1900560000.0,646455000.0,101949000.0,550871000.0,722428000.0,
1731.TW,,,,,,,2021-12-31,27903000.0,2692439000.0,317159000.0,300000000.0,1366710000.0,378058000.0,1324000.0,533684000.0,879670000.0,
1732.TW,,,,,,,2021-12-31,4295000.0,669827000.0,9031000.0,,456183000.0,159028000.0,496000.0,197199000.0,220730000.0,
1733.TW,,,,,,,2021-12-31,59504000.0,2670467000.0,343278000.0,,1759853000.0,785888000.0,106478000.0,794121000.0,631249000.0,
1734.TW,,,,,,,2021-12-31,-7956000.0,6220931000.0,2073117000.0,1485954000.0,2703349000.0,1534499000.0,117296000.0,3223811000.0,1244885000.0,
1735.TW,,,,,,,2021-12-31,6015000.0,3716818000.0,1782216000.0,430617000.0,2074760000.0,1808476000.0,48703000.0,1512693000.0,298810000.0,
1736.TW,,,,,,,2021-12-31,619137000.0,35262576000.0,16427647000.0,3167433000.0,23461882000.0,21072476000.0,2807002000.0,5753319000.0,2623228000.0,
1737.TW,,,,,,,2021-12-31,120050000.0,8467640000.0,506547000.0,53082000.0,3394710000.0,1305378000.0,8530000.0,3564003000.0,2083780000.0,
1752.TW,,,,,,,2021-12-31,54858000.0,3428891000.0,521042000.0,37500000.0,1491397000.0,1072954000.0,5213000.0,1682322000.0,418407000.0,
1760.TW,,,,,,,2021-12-31,25724000.0,2953095000.0,502561000.0,116068000.0,1274531000.0,740493000.0,19645000.0,1521351000.0,348890000.0,
1762.TW,,,,,,,2021-12-31,101612000.0,4380761000.0,753553000.0,600000000.0,1357078000.0,635170000.0,1803000.0,1868465000.0,195250000.0,
1773.TW,,,,,,,2022-03-31,599953000.0,11665508000.0,1606260000.0,1067418000.0,3834044000.0,3039141000.0,7367000.0,6381573000.0,297745000.0,
1776.TW,,,,,,,2021-12-31,17815000.0,1832526000.0,417401000.0,165000000.0,1371513000.0,445039000.0,1833000.0,389556000.0,689116000.0,
1783.TW,,,,,,,2021-12-31,16609000.0,1265184000.0,9740000.0,,783553000.0,116068000.0,1830000.0,465453000.0,540177000.0,
1786.TW,,,,,,,2021-12-31,33816000.0,2261942000.0,635369000.0,300000000.0,925242000.0,425639000.0,3384000.0,1245506000.0,695841000.0,
1789.TW,,,,,,,2021-12-31,68678000.0,11691176000.0,557603000.0,,5966529000.0,556314000.0,8793000.0,4648014000.0,4131632000.0,
1795.TW,,,,,,,2021-12-31,395445000.0,21221950000.0,5592691000.0,4667047000.0,8333335000.0,4325941000.0,9448881000.0,2641837000.0,1605495000.0,
1802.TW,,,,,,,2021-12-31,3664054000.0,99455329000.0,25294608000.0,12581798000.0,45657837000.0,26975232000.0,35347000.0,46653008000.0,16844045000.0,
1805.TW,,,,,,,2021-12-31,-981000.0,1459103000.0,742040000.0,276030000.0,1310031000.0,555847000.0,163000.0,46143000.0,87570000.0,
1806.TW,,,,,,,2021-12-31,86491000.0,9521433000.0,627902000.0,0.0,5224523000.0,2655669000.0,143821000.0,3326840000.0,3016786000.0,
1808.TW,,,,,,,2021-12-31,683732000.0,39325011000.0,25638906000.0,8180337000.0,35529894000.0,24367806000.0,14380000.0,366607000.0,6387259000.0,
1809.TW,,,,,,,2021-12-31,15131000.0,4383865000.0,658444000.0,30000000.0,2268326000.0,874647000.0,16842000.0,1802663000.0,878662000.0,
1810.TW,,,,,,,2021-12-31,150009000.0,11470876000.0,2385271000.0,595602000.0,5550655000.0,3107407000.0,37788000.0,3639191000.0,2436812000.0,
1817.TW,,,,,,,2021-12-31,83696000.0,2728848000.0,411954000.0,87810000.0,1444360000.0,602086000.0,11472000.0,1128261000.0,332895000.0,
1903.TW,,,,,,,2021-12-31,-22246000.0,12434471000.0,2334434000.0,320000.0,6712149000.0,2370771000.0,8195000.0,1308210000.0,6619728000.0,
1904.TW,,,,,,,2021-12-31,932407000.0,66440325000.0,22566582000.0,16655389000.0,25886481000.0,17916038000.0,,36170272000.0,7075052000.0,
1905.TW,,,,,,,2021-12-31,-224889000.0,33968456000.0,10488003000.0,792992000.0,14411937000.0,13203844000.0,,16911917000.0,2409260000.0,
1906.TW,,,,,,,2021-12-31,37693000.0,9003364000.0,1513831000.0,,318473000.0,1813498000.0,,41396000.0,17704000.0,
1907.TW,,,,,,,2021-12-31,1170742000.0,136434264000.0,46545321000.0,26519989000.0,56622662000.0,39516720000.0,470573000.0,50439788000.0,21933370000.0,
1909.TW,,,,,,,2021-12-31,846636000.0,78064860000.0,40127858000.0,20066260000.0,22744440000.0,29765420000.0,66358000.0,46300521000.0,1618952000.0,
2002.TW,,,,,,,2021-12-31,22884628000.0,687994969000.0,186837957000.0,103171986000.0,210015348000.0,161930745000.0,1478279000.0,383152018000.0,42960728000.0,
2006.TW,,,,,,,2021-12-31,1886747000.0,55402752000.0,16349583000.0,1817857000.0,31394169000.0,22993691000.0,185611000.0,18420636000.0,1726138000.0,
2007.TW,,,,,,,2021-12-31,11741000.0,13148601000.0,5034914000.0,2153136000.0,3074824000.0,3541478000.0,0.0,4853306000.0,646064000.0,
2008.TW,,,,,,,2021-12-31,22225000.0,7326880000.0,3973603000.0,700000000.0,2228510000.0,3399559000.0,,1529701000.0,1363315000.0,
2009.TW,,,,,,,2021-12-31,38725000.0,8287859000.0,1259009000.0,,2336960000.0,1568857000.0,,1067173000.0,236888000.0,
2010.TW,,,,,,,2021-12-31,322494000.0,23143623000.0,7811474000.0,87500000.0,16449439000.0,10235983000.0,3676000.0,5380319000.0,1345101000.0,
2012.TW,,,,,,,2021-12-31,293524000.0,12691505000.0,5282936000.0,3601829000.0,8479764000.0,3789447000.0,7855000.0,3213796000.0,1079167000.0,
2013.TW,,,,,,,2021-12-31,261343000.0,13905391000.0,4249054000.0,299769000.0,9939177000.0,7809861000.0,4365000.0,2314201000.0,936182000.0,
2014.TW,,,,,,,2021-12-31,1178361000.0,37479334000.0,10061786000.0,4435966000.0,17052944000.0,9828452000.0,,10227844000.0,2681335000.0,
2015.TW,,,,,,,2022-03-31,1148113000.0,27714157000.0,889848000.0,,14410998000.0,7162843000.0,,9235423000.0,3667072000.0,
2017.TW,,,,,,,2021-12-31,152111000.0,11316192000.0,4628819000.0,1815836000.0,4288491000.0,3237805000.0,327343000.0,3626967000.0,1558752000.0,
2020.TW,,,,,,,2021-12-31,109482000.0,8131835000.0,3665675000.0,20152000.0,4896581000.0,3540286000.0,3455000.0,1626376000.0,710434000.0,
2022.TW,,,,,,,2021-12-31,-135504000.0,8733983000.0,1831348000.0,0.0,4805534000.0,2367501000.0,9221000.0,3048098000.0,1147158000.0,
2023.TW,,,,,,,2021-12-31,1586715000.0,95141053000.0,48889401000.0,32027032000.0,28894529000.0,29476752000.0,359251000.0,47347959000.0,8630497000.0,
2024.TW,,,,,,,2021-12-31,36550000.0,2007149000.0,495684000.0,45857000.0,905103000.0,697950000.0,,1088647000.0,177165000.0,
2027.TW,,,,,,,2021-12-31,4944086000.0,109071165000.0,46502564000.0,26020571000.0,76343511000.0,20340835000.0,5828601000.0,20737721000.0,16091229000.0,
2028.TW,,,,,,,2021-12-31,561324000.0,8586451000.0,2224346000.0,1529132000.0,4788893000.0,2264301000.0,1492000.0,3436681000.0,221988000.0,
2029.TW,,,,,,,2021-12-31,400590000.0,11762692000.0,247175000.0,,8413339000.0,1498076000.0,16228000.0,2477777000.0,4083294000.0,
2030.TW,,,,,,,2021-12-31,657170000.0,14429160000.0,7952267000.0,2393905000.0,9641081000.0,6625658000.0,,4627215000.0,1625807000.0,
2031.TW,,,,,,,2021-12-31,706079000.0,25921883000.0,12150035000.0,4788609000.0,14467615000.0,9334158000.0,,3826637000.0,3167464000.0,
2032.TW,,,,,,,2021-12-31,-2570000.0,2237882000.0,164341000.0,,1453285000.0,259017000.0,381000.0,574756000.0,228612000.0,
2033.TW,,,,,,,2021-12-31,5480000.0,1312377000.0,200487000.0,,544840000.0,247977000.0,,460069000.0,57646000.0,
2034.TW,,,,,,,2021-12-31,648472000.0,19078744000.0,7133149000.0,1556132000.0,10460877000.0,7954827000.0,6360000.0,4793568000.0,1663929000.0,
2038.TW,,,,,,,2021-12-31,170873000.0,8982319000.0,3418193000.0,1075357000.0,3831718000.0,3648018000.0,2217000.0,4012574000.0,592089000.0,
2049.TW,,,,,,,2021-12-31,679663000.0,51031819000.0,10948929000.0,5378148000.0,18553372000.0,13852541000.0,256163000.0,28025371000.0,5435948000.0,
2059.TW,,,,,,,2021-12-31,779200000.0,15432868000.0,1535686000.0,452357000.0,12151398000.0,1679618000.0,3405000.0,3070603000.0,9420986000.0,
2062.TW,,,,,,,2021-12-31,177977000.0,14259948000.0,5977726000.0,2989692000.0,6451166000.0,4111995000.0,79890000.0,7389513000.0,541871000.0,
2069.TW,,,,,,,2021-12-31,339893000.0,11145755000.0,5879552000.0,2308416000.0,6449005000.0,4509173000.0,211000.0,4146753000.0,574638000.0,
2101.TW,,,,,,,2021-12-31,-534978000.0,37323082000.0,16691591000.0,7336435000.0,23481493000.0,17878663000.0,2284000.0,8513244000.0,6264385000.0,
2102.TW,,,,,,,2021-12-31,-436883000.0,11571629000.0,5208442000.0,3810069000.0,4924485000.0,1784319000.0,14600000.0,6379876000.0,1388060000.0,
2103.TW,,,,,,,2021-12-31,971506000.0,32829763000.0,7596502000.0,2286141000.0,15463097000.0,8548784000.0,892679000.0,11022125000.0,4472457000.0,
2104.TW,,,,,,,2021-12-31,3575935000.0,57513321000.0,13644347000.0,3585464000.0,28342201000.0,14666805000.0,281613000.0,17383392000.0,19828417000.0,
2105.TW,,,,,,,2021-12-31,1415960000.0,149721997000.0,39006825000.0,28765160000.0,59815886000.0,35341395000.0,,86468604000.0,25968558000.0,
2106.TW,,,,,,,2021-12-31,40779000.0,46336074000.0,18210547000.0,13816068000.0,25419703000.0,11942039000.0,,16269144000.0,7907488000.0,
2107.TW,,,,,,,2021-12-31,175142000.0,13115402000.0,704842000.0,,8863248000.0,930236000.0,,845166000.0,6342639000.0,
2108.TW,,,,,,,2021-12-31,1031568000.0,20751570000.0,275396000.0,21667000.0,16812183000.0,3591082000.0,14945000.0,2960660000.0,13405371000.0,
2109.TW,,,,,,,2021-12-31,177111000.0,8323929000.0,2336456000.0,1554316000.0,3831614000.0,1925586000.0,1105000.0,3428581000.0,1535460000.0,
2114.TW,,,,,,,2021-12-31,195988000.0,3690143000.0,159526000.0,,2468382000.0,510353000.0,5295000.0,1105119000.0,1736100000.0,
2115.TW,,,,,,,2021-12-31,135646000.0,5166635000.0,1255529000.0,1019304000.0,2774809000.0,900615000.0,11440000.0,2286500000.0,1170240000.0,
2201.TW,,,,,,,2021-12-31,2741444000.0,323862779000.0,221754052000.0,18766506000.0,234854492000.0,226995138000.0,672483000.0,38214915000.0,22819382000.0,
2204.TW,,,,,,,2021-12-31,1169803000.0,54735114000.0,2559808000.0,68750000.0,19520745000.0,6765189000.0,438039000.0,6473306000.0,12301935000.0,
2206.TW,,,,,,,2021-12-31,481478000.0,46531218000.0,18007113000.0,9171524000.0,22122077000.0,16653583000.0,,13407687000.0,11444396000.0,
2207.TW,,,,,,,2021-12-31,5941695000.0,349612784000.0,192068343000.0,4736583000.0,249589847000.0,228560880000.0,1297739000.0,57056195000.0,36689700000.0,
2208.TW,,,,,,,2021-12-31,26393000.0,43721511000.0,14271320000.0,4309557000.0,24052542000.0,20452886000.0,39426000.0,16247974000.0,2769769000.0,
2211.TW,,,,,,,2021-12-31,442599000.0,34486987000.0,4163490000.0,3194646000.0,12690949000.0,4869506000.0,4223106000.0,3246565000.0,4346562000.0,
2227.TW,,,,,,,2021-12-31,1004931000.0,24653475000.0,689014000.0,,5203802000.0,2321931000.0,22757000.0,2402939000.0,4591485000.0,
2228.TW,,,,,,,2021-12-31,45119000.0,5423292000.0,726424000.0,324701000.0,3291379000.0,861365000.0,16560000.0,1947562000.0,1559657000.0,
2231.TW,,,,,,,2021-12-31,90576000.0,9566181000.0,3547762000.0,1116319000.0,6159753000.0,3759791000.0,796988000.0,1900669000.0,2313356000.0,
2233.TW,,,,,,,2021-12-31,118618000.0,4926826000.0,1026592000.0,317764000.0,2966607000.0,1255351000.0,6256000.0,1705916000.0,1627989000.0,
2236.TW,,,,,,,2021-12-31,22743000.0,2156741000.0,578729000.0,128588000.0,1608360000.0,558955000.0,6055000.0,509496000.0,742258000.0,
2239.TW,,,,,,,2021-12-31,655243000.0,32154311000.0,9692645000.0,3524630000.0,16694156000.0,12650199000.0,1111837000.0,11418234000.0,3401421000.0,
2241.TW,,,,,,,2021-12-31,-55723000.0,2979596000.0,1082892000.0,736143000.0,1113038000.0,541674000.0,,1761512000.0,283825000.0,
2243.TW,,,,,,,2021-12-31,-19523000.0,4090103000.0,1169899000.0,21117000.0,2732279000.0,2940321000.0,7476000.0,1240218000.0,252289000.0,
2247.TW,,,,,,,2021-12-31,430111000.0,19719168000.0,3390551000.0,,11543285000.0,4798766000.0,5052000.0,7871170000.0,5563807000.0,
2250.TW,,,,,,,2021-12-31,46773000.0,3204930000.0,678576000.0,264774000.0,2235337000.0,1191599000.0,996000.0,887702000.0,865867000.0,
2301.TW,,,,,,,2022-03-31,2715616000.0,185981538000.0,28452247000.0,,150602378000.0,110997393000.0,3667019000.0,21045941000.0,76150823000.0,
2302.TW,,,,,,,2021-12-31,21160000.0,2147840000.0,121180000.0,,566969000.0,272767000.0,,527774000.0,188155000.0,
2303.TW,,,,,,,2021-12-31,18671129000.0,464426771000.0,46822473000.0,39829595000.0,233273433000.0,105453729000.0,3644933000.0,145391422000.0,170904170000.0,
2305.TW,,,,,,,2021-12-31,21121000.0,2855213000.0,313505000.0,,1293237000.0,283893000.0,49854000.0,736507000.0,1007663000.0,
2308.TW,,,,,,,2022-03-31,8612901000.0,374193315000.0,47019420000.0,42072475000.0,201707992000.0,103655143000.0,75163017000.0,82282579000.0,54904761000.0,
2312.TW,,,,,,,2021-12-31,194148000.0,107917826000.0,43774390000.0,12444468000.0,69611948000.0,66273550000.0,796587000.0,24185397000.0,8661074000.0,
2313.TW,,,,,,,2021-12-31,2693459000.0,71992900000.0,15817711000.0,14602409000.0,37184729000.0,20886672000.0,119424000.0,33771150000.0,11038179000.0,
2314.TW,,,,,,,2021-12-31,-144177000.0,6552350000.0,2635269000.0,628437000.0,4563530000.0,3281470000.0,298072000.0,1051553000.0,1165261000.0,
2316.TW,,,,,,,2021-12-31,185689000.0,13805409000.0,3101675000.0,1909392000.0,5696247000.0,3390189000.0,1076000.0,2468461000.0,2387321000.0,
2317.TW,,,,,,,2021-12-31,66743945000.0,3908878394000.0,871551778000.0,275599568000.0,3034417286000.0,1997680271000.0,45352837000.0,350367501000.0,1108888895000.0,
2321.TW,,,,,,,2021-12-31,9715000.0,2042193000.0,930490000.0,200000000.0,1083023000.0,1099856000.0,3355000.0,286928000.0,639632000.0,
2323.TW,,,,,,,2021-12-31,291724000.0,24154059000.0,2790273000.0,1925000000.0,13123459000.0,3395309000.0,110758000.0,5001753000.0,7581619000.0,
2324.TW,,,,,,,2021-12-31,4875329000.0,537095340000.0,146014287000.0,9219032000.0,487115390000.0,402242095000.0,1548508000.0,30056582000.0,75562857000.0,
2327.TW,,,,,,,2021-12-31,6525946000.0,209547389000.0,86041956000.0,40592896000.0,89607132000.0,78023944000.0,55546358000.0,44101739000.0,48128298000.0,
2328.TW,,,,,,,2021-12-31,445849000.0,24322424000.0,1259124000.0,,18307396000.0,9832739000.0,36218000.0,2472011000.0,6253121000.0,
2329.TW,,,,,,,2022-03-31,471723000.0,16625685000.0,1366449000.0,535587000.0,8699301000.0,5177030000.0,33225000.0,5639442000.0,3174199000.0,
2330.TW,,,,,,,2021-12-31,182772000000.0,3725302200000.0,753631900000.0,613379700000.0,1607072900000.0,758352800000.0,26821700000.0,2007853100000.0,1204913700000.0,
2331.TW,,,,,,,2021-12-31,137636000.0,24131865000.0,1553898000.0,,18284392000.0,12986433000.0,595738000.0,3277801000.0,5775185000.0,
2332.TW,,,,,,,2021-12-31,450525000.0,14503864000.0,440462000.0,,10109933000.0,4589921000.0,472238000.0,1252900000.0,2474424000.0,
2337.TW,,,,,,,2022-03-31,3453996000.0,79173862000.0,12997857000.0,8807923000.0,39706375000.0,17801326000.0,86490000.0,33975019000.0,18578314000.0,
2338.TW,,,,,,,2021-12-31,245814000.0,16114227000.0,9341330000.0,4308857000.0,8435838000.0,6369661000.0,387866000.0,4794876000.0,6324077000.0,
2340.TW,,,,,,,2021-12-31,157939000.0,12345359000.0,552298000.0,0.0,7683483000.0,2246692000.0,14040000.0,2880668000.0,5002657000.0,
2342.TW,,,,,,,2021-12-31,85962000.0,3911574000.0,329252000.0,,2879964000.0,704158000.0,720000.0,751061000.0,2290444000.0,
2344.TW,,,,,,,2021-12-31,5576959000.0,152740284000.0,28536768000.0,23304951000.0,72506733000.0,28644931000.0,1072985000.0,63876525000.0,42108079000.0,
2345.TW,,,,,,,2021-12-31,1850516000.0,35021369000.0,2146037000.0,1003418000.0,31782233000.0,17643456000.0,109281000.0,2557257000.0,7591791000.0,
